(대출기간: 2024.08.01. ~ 2025.07.30.),,,,,,,
순위,등록번호,서명,저자,발행자,청구기호,대출횟수,
1.0,QC0000042963,(흔한남매의) 흔한 호기심 : 일상에서 만나는 과학 상식. 6,흔한남매 원작 ; 안치현 글 ; 유난희 그림,아이세움,아만408-흔92ㅎ-6,37.0,
2.0,QC0000041472,그리스 로마 신화:만화로 읽는 초등 인문학,박시연 글;최우빈 그림,아울북:북이십일,아만219-박58ㄱ-30,36.0,
3.0,QC0000034062,흔한남매. 6,흔한남매 원작 ; 백난도 글 ; 유난희 그림,아이세움,아만657.1-흔92ㅎ-6,35.0,
4.0,QC0000044014,(자연 생물 관찰 만화) 에그박사. 9,에그박사 원작 ; 박송이 글 ; 홍종현 그림,아이세움,아만 472-에17ㅇ-9=2,35.0,
5.0,QC0000035944,쿠키런 탈출 게임 과학 상식,임우영 글 ; 이태영 그림,서울문화사,아만404-쿠878ㅅ-23-2,35.0,
6.0,QC0000032594,"브레드 이발소. 2, 귀염뽀짝 베이커리타운",몬스터 스튜디오 원작·글·그림,한솔수북,아813.8-몬57ㅂ-2,34.0,
7.0,QC0000047484,"뼈뼈 사우루스. 3, 위기 탈출, 빙글빙글 정글을 구해라!",암모나이트 글·그림 ; 김정화 옮김,아이세움,아657.1-암35ㅃ-3,34.0,
8.0,QC0000047042,(코믹 메이플스토리)수학도둑 : 응용편. 98,송도수 글 ; 서정 엔터테인먼트 그림,서울문화사,아만410-수92ㅅ-98,34.0,
9.0,QC0000045822,건전지 엄마,"강인숙, 전승배 [공]지음",창비,유 813.8-강68ㄱ-2,34.0,
10.0,QC0000040038,"쿠키런 어드벤처 : 쿠키들의 신통방통 지리 여행. 50, 불가사의 세계 유적",송도수 글 ; 서정은 그림,서울문화사,아만980.24-송25ㅋ-50,34.0,
11.0,QC0000036142,"(손오공의 한자 대탐험) 마법천자문. 47, 잠드는 시간! 밤 야(夜)",김현수 글 ; 홍거북 그림,아울북,아만711.47-마44ㅇ-47-2,34.0,
12.0,QC0000036092,"(신비아파트) 한자 귀신. 14, 차원의 미아",김강현 글 ; 김기수 그림,서울문화사,아만711.4-김12ㅎ-14,34.0,
13.0,QC0000035990,"쿠키런 서바이벌 대작전 : 안전상식 학습만화. 34, 최강자의 대결 편",김강현 글 ; 김기수 그림,서울문화사,아만372.42-김12ㅋ-34,34.0,
14.0,QC0000035989,"쿠키런 서바이벌 대작전 : 안전상식 학습만화. 33, 위험한 탈출 편",김강현 글 ; 김기수 그림,서울문화사,아만372.42-김12ㅋ-33,34.0,
15.0,QC0000035898,"쿠키런 어드벤처 : 쿠키들의 신나는 세계여행. 24, 피렌체 - 이탈리아",송도수 글 ; 서정은 그림,서울문화사,아만980.24-송25ㅋ-24-2,34.0,
16.0,QC0000031958,"(백종원의) 도전 요리왕 : 음식으로 맛보는 세계 역사 문화 체험. 6, 대한민국 1","백종원, 남지은 [공]글 ; 이정태 그림",위즈덤하우스,아만594-백75ㄷ-6,33.0,
17.0,QC0000047469,호박 목욕탕,시바타 케이코 글·그림 ; 황진희 옮김,위즈덤하우스,유 808.9-스875ㅅ-70-4,33.0,
18.0,QC0000046592,식량 위기에서 살아남기,곰돌이 co. 글 ; 한현동 그림,아이세움,아만408-서42ㅇ-74,33.0,
19.0,QC0000046303,(코믹 메이플스토리) 수학도둑 : 응용편. 100,송도수 글 ; 서정 엔터테인먼트 그림,서울문화사,아만410-수92ㅅ-100-2,33.0,
20.0,QC0000045883,나는 정말 어디에 있는 걸까,요시타케 신스케 글·그림 ; 권남희 옮김,주니어김영사,아 833.8-요58ㄴ-2,33.0,
21.0,QC0000045331,흔한남매. 14,흔한남매 원작 ; 백난도 글 ; 유난희 그림,아이세움,아만657.1-흔92ㅎ-14,33.0,
22.0,QC0000044192,지하철 사고에서 살아남기. 1,곰돌이 co. 글 ; 한현동 그림,아이세움,아만408-서42ㅇ-69,33.0,
23.0,QC0000043790,"비밀요원 레너드. 14, 달에 사는 토끼가 사라졌다!",박설연 글 ; 김덕영 그림,아울북,아813.8-박54ㅂ-14,33.0,
24.0,QC0000040852,흔한남매. 11,흔한남매 원작 ; 백난도 글 ; 유난희 그림,아이세움,아만657.1-흔92ㅎ-11,33.0,
25.0,QC0000036078,"그리스 로마 신화 : 만화로 읽는 초등 인문학. 24, 헤라클레스의 마지막 원정",박시연 글 ; 최우빈 그림,아울북,아만219-박58ㄱ-24,33.0,
26.0,QC0000035978,"쿠키런 서바이벌 대작전 : 안전상식 학습만화. 22, 신들의 도시 편",김강현 글 ; 김기수 그림,서울문화사,아만372.42-김12ㅋ-22-2,33.0,
27.0,QC0000035955,쿠키런 수상한 모험 과학 상식,임우영 글 ; 유희석 그림,서울문화사,아만404-쿠878ㅅ-34,33.0,
28.0,QC0000035913,"쿠키런 어드벤처 : 쿠키들의 신나는 세계여행. 39, 제주도 - 대한민국",송도수 글 ; 서정은 그림,서울문화사,아만980.24-송25ㅋ-39-2,33.0,
29.0,QC0000034965,(흔한남매) 별난 방탈출. 2,흔한남매 원작 ; 김언정 글 ; 차차 그림,아이세움,아만 691-흔92ㅂ-2,33.0,
30.0,QC0000032310,고층 건물에서 살아남기. 1,팝콘스토리 글 ; 한현동 그림,아이세움,아만408-서42ㅇ-67,33.0,
31.0,QA0000111333,세계 방방곡곡 여행 일기,마스다 미리 지음 ; 이소담 옮김,북포레스트,836-마57ㅅ-3,32.0,
32.0,QC0000047538,"쿠키런 서바이벌 대작전 : 안전상식 학습만화. 2, 바다 편",김강현 글 ; 김기수 그림,서울문화사,아만372.42-김12ㅋ2-2,32.0,
33.0,QC0000047467,"용기를 내, 비닐장갑! : 유설화 그림책",유설화 지음,책읽는곰,유 813.8-그298ㅊ-75-3,32.0,
34.0,QC0000047181,"(무한의 계단)세계여행 GO. 1, 이탈리아",김강현 글 ; 김기수 그림,서울문화사,아만980.24-김12ㅅ-1,32.0,
35.0,QC0000046721,"그리스 로마 신화 : 만화로 읽는 초등 인문학. 38, 아테네와 스파르타, 두 태양의 대결",박시연 글 ; 최우빈 그림,아울북,아만219-박58ㄱ-38,32.0,
36.0,QC0000046544,"그리스 로마 신화 : 만화로 읽는 초등 인문학. 36, 문을 두드리는 불청객",박시연 글 ; 최우빈 그림,아울북,아만219-박58ㄱ-36,32.0,
37.0,QC0000046475,"놓지 마 속담. 2, 동식물과 자연","신태훈, 나승훈 [공]글·그림",주니어김영사,아만388.6-신883ㄴ-2,32.0,
38.0,QC0000045947,건전지 아빠 : 전승배·강인숙 그림책,"전승배, 강인숙 [공]지음",창비,유 813.8-전57ㄱ-2,32.0,
39.0,QC0000045865,별이 빛나는 고양이 마을,고양이와 스프 원작 ; 히요 글 ; 루체 그림,다산어린이,아 813.8-고63ㅂ-2,32.0,
40.0,QC0000045710,(코믹 메이플스토리) 수학도둑 : 응용편. 94,송도수 글 ; 서정 엔터테인먼트 그림,서울문화사,아만410-수92ㅅ-94,32.0,
41.0,QC0000045267,"토깽이네 지구 구출 대작전. 6, 팬데믹의 비밀을 밝혀라!",토깽이네 원작 ; 잼스토리 글 ; 양선모 그림,위즈덤하우스,아539-토13ㅌ-6,32.0,
42.0,QC0000045057,"(곤충보다 작아진) 정브르, 생물 학습 만화. 4",정브르 원작 ; 강민희 글 ; 강신영 그림,겜툰,아495.2-정47ㅈ-4,32.0,
43.0,QC0000044209,"(최고다!) 과학 호기심 딱지. 2, 판다왕의 이상한 마트",방콕고양이 글 ; 윤현우 그림,EBS Books,아만408-과92아-2,32.0,
44.0,QC0000044199,"도그맨. 1, 도그맨, 핫도그의 침공",대브 필키 지음 ; 노은정 옮김,위즈덤하우스,아843-필878ㄷ2-1,32.0,
45.0,QC0000044194,터널에서 살아남기,박송이 글 ; 한현동 그림,아이세움,아만408-서42ㅇ-73,32.0,
46.0,QC0000044193,지하철 사고에서 살아남기. 2,곰돌이 co. 글 ; 한현동 그림,아이세움,아만408-서42ㅇ-70,32.0,
47.0,QC0000044131,"쿠키런 어드벤처 : 가짜 버블의 정체. 49, 지구의 위대한 탐험가",송도수 글 ; 서정은 그림,서울문화사,아만980.24-송25ㅋ-49-2,32.0,
48.0,QC0000043811,"곤충 탐정 정브르. 2, 장수풍뎅이 유령의 의뢰",정브르 원작 ; 한바리 글 ; 도니패밀리 그림,서울문화사,아495.2-정47가-2,32.0,
49.0,QC0000043794,"놓지 마 과학!. 18, 악마견의 숨겨진 진실","신태훈, 나승훈 [공]글·그림",위즈덤하우스,아만400-신883ㄴ-18,32.0,
50.0,QC0000043124,수해에서 살아남기,박송이 글 ; 한현동 그림,아이세움,아만408-서42ㅇ-76,32.0,
51.0,QC0000042170,오늘의 영상툰 : 두근두근 알쏭달쏭 심쿵 비밀 이야기. 2,오늘의 영상툰 원작 ; 전영신 구성,서울문화사,아만813.8-오197ㅇ-2,32.0,
52.0,QC0000041834,"쿠키런 서바이벌 대작전 : 안전상식 학습만화. 35, 마지막 기회 편",김강현 글 ; 김기수 그림,서울문화사,아만372.42-김12ㅋ-35-2,32.0,
53.0,QC0000040745,"쿠키런 서바이벌 대작전 : 안전상식 학습만화. 43, 악몽의 서커스 편",김강현 글 ; 김기수 그림,서울문화사,아만372.42-김12ㅋ-43,32.0,
54.0,QC0000039790,(흔한남매의) 흔한 호기심 : 일상에서 만나는 과학 상식. 5,흔한남매 원작 ; 안치현 글 ; 유난희 그림,아이세움,아만408-흔92ㅎ-5,32.0,
55.0,QC0000036090,"(신비아파트) 한자 귀신. 12, 영혼이 모이는 동굴",김강현 글 ; 김기수 그림,서울문화사,아만711.4-김12ㅎ-12,32.0,
56.0,QC0000035943,쿠키런 스포츠 과학 상식,임우영 글 ; 이태영 그림,서울문화사,아만404-쿠878ㅅ-22,32.0,
57.0,QC0000035852,"놓지 마 과학!. 15, 사라진 마이아사우라의 호박 장식을 찾아라","신태훈, 나승훈 [공]글·그림",위즈덤하우스,아만400-신883ㄴ-15,32.0,
58.0,QC0000033909,"브레드 이발소. 4, 위기의 베이커리타운",몬스터 스튜디오 원작·글·그림,한솔수북,아813.8-몬57ㅂ-4,32.0,
59.0,QC0000029269,"(백종원의) 도전 요리왕 : 음식으로 맛보는 세계 역사 문화 체험. 4, 미국","백종원, 남지은 [공]지음 ; 이정태 그림",위즈덤하우스,아만594-백75ㄷ-4,32.0,
60.0,QC0000026773,"(백종원의) 도전 요리왕 : 음식으로 맛보는 세계 역사 문화 체험. 1, 일본","백종원, 얌이 [공]글 ; 이정태 그림",위즈덤하우스,아만594-백75ㄷ-1,32.0,
61.0,QC0000013252,자연사 박물관에서 살아남기. 2,곰돌이 co. 글 ; 한현동 그림,아이세움(미래엔),아만408-서42ㅇ-32,32.0,
62.0,QC0000011667,식물 세계에서 살아남기 = Survival in plant world. 2,달콤팩토리 글 ; 한현동 그림,아이세움(미래엔),아만408-서42ㅇ-42,32.0,
63.0,QC0000007756,쿠키런 개그 과학 상식,조주희 글 ; 이태영 그림,서울문화사,아만404-쿠878ㅅ-1,32.0,
64.0,QC0000011820,심해에서 살아남기,곰돌이 co. 글 ; 한현동 그림,아이세움(미래엔),아만408-서42ㅇ-30,31.0,
65.0,QC0000048120,산에서 살아남기,코믹컴 글 ; 문정후 그림,코믹컴,아만408-서42ㅋ2-10,31.0,
66.0,QC0000047170,"Go Go 카카오프렌즈: 자연탐사. 5, 북극 툰드라",조주희 글 ; 김정한 그림,아울북,아만472.5-조76ㄱ-5,31.0,
67.0,QC0000047113,(타키 포오)얼렁뚱땅 상식스쿨 : 초등 상식 학습 스토리북. 3,캐릭온TV 원작 ; 김언정 글 ; 조수현 그림,대원키즈,아031-캐298ㅇ-3,31.0,
68.0,QC0000047059,"(무한의 계단)수학여행. 1, 비지니스맨과 돌멩이의 비밀",최재훈 글 ; 김기수 그림,서울문화사,아만410-최73ㅅ-1,31.0,
69.0,QC0000046831,"비밀요원 레너드. 19, 설문대할망을 구하라!",박설연 글 ; 김덕영 그림,아울북,아813.8-박54ㅂ-19,31.0,
70.0,QC0000046724,"비밀요원 레너드. 18, 좀비가 나타났다!",박설연 글 ; 김덕영 그림,아울북,아 813.8-박54ㅂ-18,31.0,
71.0,QC0000046690,(에그박사의) 역대급 사파리 : 충격 주의! 별별 능력 생물도감,에그박사 원작 ; 예영 글 ; 유남영 그림,다락원,아490-에17아,31.0,
72.0,QC0000045926,"거짓말이 뿡뿡, 고무장갑! : 유설화 그림책",유설화 지음,책읽는곰,유 813.8-그298ㅊ-96-2,31.0,
73.0,QC0000045711,(코믹 메이플스토리) 수학도둑 : 응용편. 95,송도수 글 ; 서정 엔터테인먼트 그림,서울문화사,아만410-수92ㅅ-95,31.0,
74.0,QC0000045624,"(전설의 모험왕) 엉덩이 댄디. 5, 가자, 구름 왕국으로!",트롤 원작·감수 ; 하루하라 로빈슨 글·구성 ; 기쿠치 아키히로 그림 ; 김정화 옮김,아이세움,아833.8-트295아-5,31.0,
75.0,QC0000045623,"(전설의 모험왕) 엉덩이 댄디. 4, 드래곤을 찾아서!",트롤 원작·감수 ; 하루하라 로빈슨 글·구성 ; 기쿠치 아키히로 그림 ; 김정화 옮김,아이세움,아833.8-트295아-4,31.0,
76.0,QC0000044978,"그리스 로마 신화 : 만화로 읽는 초등 인문학. 34, 로마 왕국의 빛과 그림자",박시연 글 ; 최우빈 그림,아울북,아만219-박58ㄱ-34,31.0,
77.0,QC0000044907,"쿠키런 어드벤처 : 쿠키들의 세계 역사 탐험 : 태풍이 부는 날. 55, 최악의 기후 재난",송도수 글 ; 서정은 그림,서울문화사,아만980.24-송25ㅋ-55,31.0,
78.0,QC0000044015,"(흔한남매) 과학 탐험대. 6, 물리 2","흔한남매 원작 ; 이현진, 닥터 스코 [공]글 ; 김덕영 그림",주니어김영사,아만 404-흔92ㄱ-6,31.0,
79.0,QC0000041501,(흔한남매) 별난 방탈출. 4,흔한남매 원작 ; 김언정 글 ; 차차 그림,아이세움,아만 691-흔92ㅂ-4,31.0,
80.0,QC0000041407,"(손오공의 한자 대탐험) 마법천자문. 54, 처음으로 찾아내다! 발견(發見)","유대영 글 ; 박상영, 정수영 [공]그림",아울북,아만711.47-마44ㅇ-54,31.0,
81.0,QC0000040505,"(무엇이든 해결단) 허팝 연구소. 4, 우주괴물 찾기 대소동",라곰씨 글 ; 차차 그림,라이카미,아404-라15ㅎ-4,31.0,
82.0,QC0000039825,"(전설의 모험왕) 엉덩이 댄디. 2, 해적의 보물을 찾아라!",트롤 원작·감수;하루하라 로빈슨 글·구성;기쿠치 아키히로 그림;김정화 옮김,아이세움:미래엔,아833.8-트295아-2,31.0,
83.0,QC0000036144,"(손오공의 한자 대탐험) 마법천자문. 49, 마주 보는 그림자! 그림자 영(影)",유대영 글 ; 홍거북 그림,아울북,아만711.47-마44ㅇ-49,31.0,
84.0,QC0000036143,"(손오공의 한자 대탐험) 마법천자문. 48, 늘 생각하다! 생각 념(念)",김현수 글 ; 홍거북 그림,아울북,아만711.47-마44ㅇ-48-2,31.0,
85.0,QC0000036132,"(손오공의 한자 대탐험) 마법천자문. 37, 펼쳐라! 펼 전(展)",올댓스토리 글 ; 김성재 윤색 ; 홍거북 그림,아울북,아만711.47-마44ㅇ2-37,31.0,
86.0,QC0000036088,"(신비아파트) 한자 귀신. 10, 팔척귀의 함정",김강현 글 ; 김기수 그림,서울문화사,아만711.4-김12ㅎ-10,31.0,
87.0,QC0000036083,"(신비아파트) 한자 귀신. 5, 의문의 전학생",김강현 글 ; 김기수 그림,서울문화사,아만711.4-김12ㅎ-5,31.0,
88.0,QC0000036039,(코믹 메이플스토리) 수학도둑 : 심화편. 45,송도수 글 ; 서정 엔터테인먼트 그림,서울문화사,아만410-수92ㅅ2-45,31.0,
89.0,QC0000035969,"쿠키런 서바이벌 대작전 : 안전상식 학습만화. 13, 신비한 섬 편",김강현 글 ; 김기수 그림,서울문화사,아만 372.42-김12ㅋ-13=2,31.0,
90.0,QC0000035926,쿠키런 폭소 과학 상식,조주희 글 ; 이태영 그림,서울문화사,아만404-쿠878ㅅ-5-2,31.0,
91.0,QC0000035914,"쿠키런 어드벤처 : 쿠키들의 신나는 세계여행. 40, 다낭 - 베트남",송도수 글 ; 서정은 그림,서울문화사,아만980.24-송25ㅋ-40-2,31.0,
92.0,QC0000035907,"쿠키런 어드벤처 : 쿠키들의 신나는 세계여행. 33, 이스탄불 - 터키",송도수 글 ; 서정은 그림,서울문화사,아만980.24-송25ㅋ-33-2,31.0,
93.0,QC0000035904,"쿠키런 어드벤처 : 쿠키들의 신나는 세계여행. 30, 평양 - 북한",송도수 글 ; 서정은 그림,서울문화사,아만980.24-송25ㅋ-30-2,31.0,
94.0,QC0000035887,"쿠키런 어드벤처 : 쿠키들의 신나는 세계여행. 13, 시드니",송도수 글 ; 서정은 그림,서울문화사,아만980.24-송25ㅋ-13-2,31.0,
95.0,QC0000035885,"쿠키런 어드벤처 : 쿠키들의 신나는 세계여행. 11, 프라하",송도수 글 ; 서정은 그림,서울문화사,아만980.24-송25ㅋ-11-2,31.0,
96.0,QC0000035884,"쿠키런 어드벤처 : 쿠키들의 신나는 세계여행. 10, 마드리드",송도수 글 ; 서정은 그림,서울문화사,아만980.24-송25ㅋ-10-2,31.0,
97.0,QC0000035882,"쿠키런 어드벤처 : 쿠키들의 신나는 세계여행. 8, 워싱턴 D.C",송도수 글 ; 서정은 그림,서울문화사,아만980.24-송25ㅋ-8-2,31.0,
98.0,QC0000035878,"쿠키런 어드벤처 : 쿠키들의 신나는 세계여행. 4, 뉴욕",송도수 글 ; 서정은 그림,서울문화사,아만980.24-송25ㅋ-4-2,31.0,
99.0,QC0000035850,"놓지 마 과학!. 13, 정신이 미세 먼지에 정신 놓다","신태훈, 나승훈 [공]글·그림",위즈덤하우스,아만400-신883ㄴ-13-2,31.0,
100.0,QC0000035632,흔한남매. 8,흔한남매 원작;백난도 글;유난희 그림,아이세움:미래엔,아만657.1-흔92ㅎ-8,31.0,
101.0,QC0000034794,"브레드 이발소. 5, 웃음 가득 브레드의 일상",몬스터스튜디오 원작 ; 임광천 구성,형설아이,아만813.8-몬57바-5,31.0,
102.0,QC0000030393,흔한남매. 3,흔한남매 원작 ; 백난도 글 ; 유난희 그림,아이세움,아만 657.1-흔92ㅎ-3,31.0,
103.0,QC0000029778,그리스 로마 신화:만화로 읽는 초등 인문학,박시연 글;최우빈 그림,아울북:북이십일,아만219-박58ㄱ-17,31.0,
104.0,QC0000026774,"(백종원의) 도전 요리왕 : 음식으로 맛보는 세계 역사 문화 체험. 2, 중국","백종원, 남지은 [공]글 ; 이정태 그림",위즈덤하우스,아만594-백75ㄷ-2,31.0,
105.0,QC0000026112,알레르기에서 살아남기. 1,곰돌이 co. 글 ; 한현동 그림,아이세움(미래엔),아만408-서42ㅇ-62,31.0,
106.0,QC0000019276,쿠키런 빅스타 과학 상식,조주희 글 ; 이태영 그림,서울문화사,아만404-쿠878ㅅ-18,31.0,
107.0,QC0000011668,식물 세계에서 살아남기 = Survival in plant world. 1,달콤팩토리 글 ; 한현동 그림,아이세움(미래엔),아만408-서42ㅇ-41,30.0,
108.0,QC0000047501,"내일은 실험왕 : 본격 대결 과학실험 만화 시즌 2. 2-8, 우주 엘리베이터와 정지 궤도",스토리 a. 글 ; 홍종현 그림,아이세움,아만407-내68ㅇ-2-8,30.0,
109.0,QC0000047169,"Go Go 카카오프렌즈: 자연탐사. 1, 아마존 열대우림",조주희 글 ; 김정한 그림,아울북,아만472.5-조76ㄱ-1,30.0,
110.0,QC0000047158,"(흔한남매)별난 세계 여행. 1, 세계 유명 박물관",흔한남매 원작 ; 박시연 글 ; 정주연 그림,아이세움,아980.24-흔92ㅂ-1,30.0,
111.0,QC0000047101,(쿠키런 킹덤)파르페디아 아카데미. 3,권용찬 글 ; 임해봉 그림,아이세움,아813.8-권65ㅍ-3,30.0,
112.0,QC0000047100,(쿠키런 킹덤)파르페디아 아카데미. 2,권용찬 글 ; 임해봉 그림,아이세움,아813.8-권65ㅍ-2,30.0,
113.0,QC0000047048,"(물리박사 김상욱의)수상한 연구실. 3, 원자: 축제는 시작되었다!",김하연 글 ; 정순규 그림,아울북,아420-김92ㅅ-3,30.0,
114.0,QC0000047010,"(설민석의)그리스 로마 신화 대모험. 3, 신들의 왕 제우스","설민석, 남이담 [공]글 ; 이미나 만화",단꿈아이,아만219.2-설38ㄱ-3,30.0,
115.0,QC0000046837,"(백종원의) 도전 요리왕 : 음식으로 맛보는 세계 역사 문화 체험. 3, 이탈리아","백종원, 남지은 [공]글 ; 이정태 그림",위즈덤하우스,아만594-백75ㄷ-3,30.0,
116.0,QC0000046546,"그리스 로마 신화 : 만화로 읽는 초등 인문학. 21, 신이 선택한 인간, 헤라클레스의 탄생",박시연 글 ; 최우빈 그림,아울북,아만219-박58ㄱ-21,30.0,
117.0,QC0000046497,브레드 이발소 : 천재이발사 등장. 1,몬스터 스튜디오 원작·그림,한솔수북,아813.8-몬57ㅂ-1,30.0,
118.0,QC0000045892,마음먹기,자현 글 ; 차영경 그림,달그림:노란돼지,아 813.8-자94ㅁ-2,30.0,
119.0,QC0000045880,잘못 뽑은 반장,이은재 글 ; 서영경 그림,주니어김영사,아 808.9-중92ㅈ-13-2,30.0,
120.0,QC0000045850,라면을 먹으면 숲이 사라져,최원형 글 ; 이시누 그림,책읽는곰,아 539.9-최66ㄹ-2,30.0,
121.0,QC0000045713,(코믹 메이플스토리) 수학도둑 : 응용편. 97,송도수 글 ; 서정 엔터테인먼트 그림,서울문화사,아만410-수92ㅅ-97,30.0,
122.0,QC0000045523,"라바 지구 수비대. 4, 수질 오염","김정욱 글 ; 김정한, 장호찬 [공]그림",다산어린이,아539.9-라42ㄷ-4,30.0,
123.0,QC0000045351,"브레드 이발소. 9, 베이커리타운의 복수극",몬스터스튜디오 원작·글·그림,한솔수북,아813.8-몬57ㅂ-9,30.0,
124.0,QC0000045294,마씨 할머니의 달꿀 송편,권민조 글·그림,호랑이꿈,유813.8-호292ㅎ-1,30.0,
125.0,QC0000045056,"(곤충보다 작아진) 정브르, 생물 학습 만화. 3",정브르 원작 ; 강민희 글 ; 강신영 그림,겜툰,아495.2-정47ㅈ-3,30.0,
126.0,QC0000045055,(정브르의) 아마존일기 : 생생체험 자연관찰,정브르 지음,서울문화사,아472-정47ㅇ,30.0,
127.0,QC0000044969,쿠키런 놀이왕 과학 상식,조주희 글 ; 이태영 그림,서울문화사,아만404-쿠878ㅅ-17,30.0,
128.0,QC0000044609,흔한남매. 13,흔한남매 원작 ; 백난도 글 ; 유난희 그림,아이세움,아만657.1-흔92ㅎ-13,30.0,
129.0,QC0000044196,테마파크에서 살아남기,포도알친구 글 ; 한현동 그림,아이세움,아만408-서42ㅇ-75,30.0,
130.0,QC0000044139,흔한남매. 12,흔한남매 원작 ; 백난도 글 ; 유난희 그림,아이세움,아만 657.1-흔92ㅎ-12,30.0,
131.0,QC0000044065,하하 자매 떡집,김리리 글 ; 김이랑 그림,비룡소,아808.9-난82ㅂ-3-77,30.0,
132.0,QC0000044032,"(신비아파트) 한자 귀신. 6, 명령의 힘",김강현 글 ; 김기수 그림,서울문화사,아만711.4-김12ㅎ-6-2,30.0,
133.0,QC0000043788,"그리스 로마 신화 : 만화로 읽는 초등 인문학. 32, 운명을 바꾼 야누스의 문",박시연 글 ; 최우빈 그림,아울북,아만219-박58ㄱ-32,30.0,
134.0,QC0000043445,"(손오공의 한자 대탐험) 마법천자문. 55, 분명하게 정해라! 결정(決定)","유대영 글 ; 박상영, 정수영 [공]그림",아울북,아만711.47-마44ㅇ-55,30.0,
135.0,QC0000043236,"(최고다!) 과학 호기심 딱지. 5, 신통방통 종합 병원",방콕고양이 글 ; 윤현우 그림,EBS Books,아만408-과92아-5,30.0,
136.0,QC0000042969,"내일은 실험왕 : 본격 대결 과학실험 만화 시즌 2. 4, 빅데이터와 전염병",스토리 a. 글 ; 홍종현 그림,아이세움,아만407-내68ㅇ-2-4,30.0,
137.0,QC0000042314,(자연 생물 관찰 만화) 에그박사. 4,에그박사 원작 ; 박송이 글,아이세움,아만 472-에17ㅇ-4=2,30.0,
138.0,QC0000041835,"쿠키런 서바이벌 대작전 : 안전상식 학습만화. 10, 운석 편",김강현 글 ; 김기수 그림,서울문화사,아만372.42-김12ㅋ-10-2,30.0,
139.0,QC0000040933,"비밀요원 레너드. 12, 콩콩 뛰는 강시가 나타났다!",박설연 글 ; 김덕영 그림,아울북,아813.8-박54ㅂ-12,30.0,
140.0,QC0000040928,"비밀요원 레너드. 6, 구미호가 나타났다!",박설연 글 ; 김덕영 그림,아울북,아813.8-박54ㅂ-6,30.0,
141.0,QC0000040926,"비밀요원 레너드. 4, 파라오의 저주는 사실일까?",박설연 글 ; 김덕영 그림,아울북,아813.8-박54ㅂ-4,30.0,
142.0,QC0000040873,"(백종원의) 도전 요리왕 : 음식으로 맛보는 세계 역사 문화 체험. 7, 대한민국 2","백종원, 남지은 [공]글 ; 이정태 그림",위즈덤하우스,아만594-백75ㄷ-7,30.0,
143.0,QC0000040784,"그리스 로마 신화 : 만화로 읽는 초등 인문학. 29, 오디세우스의 험난한 모험",박시연 글 ; 최우빈 그림,아울북,아만219-박58ㄱ-29,30.0,
144.0,QC0000040754,(자연 생물 관찰 만화) 에그박사. 7,에그박사 원작 ; 박송이 글,아이세움,아만 472-에17ㅇ-7,30.0,
145.0,QC0000040495,"Go Go 카카오프렌즈 : 세계 역사 문화 체험 학습만화. 24, 스웨덴",김미영 글 ; 김정한 그림,아울북,아만909-김38ㄱ-24,30.0,
146.0,QC0000040489,"내일은 실험왕 : 본격 대결 과학실험 만화. 49, 진화의 대결",스토리 a. 글 ; 홍종현 그림,아이세움,아만407-내68ㅇ-49,30.0,
147.0,QC0000039968,(흔한남매) 불꽃 튀는 우리말 : 초등 국어 고수 되기 프로젝트. 2,흔한남매 원작 ; 한은호 글 ; 유희석 그림,다산어린이,아만 710-흔92ㅂ-2,30.0,
148.0,QC0000039853,의사 어벤저스:어린이 의학 동화,고희정 글;조승연 그림,가나:가나문화콘텐츠,아510.4-고97ㅇ-5,30.0,
149.0,QC0000039787,"(흔한남매) 과학 탐험대. 2, 지구와 달","흔한남매 원작;이재국,이현진 [공]글;김덕영 그림",주니어김영사:김영사,아만404-흔92ㄱ-2,30.0,
150.0,QC0000039614,(흔한남매) 겨울밤 대소동,흔한남매 원작 ; 한바리 글 ; 유난희 그림,아이세움,아만 813.8-흔92ㄱ,30.0,
151.0,QC0000036071,(코믹 메이플스토리) 수학도둑 : 종합편. 77,송도수 글 ; 서정 엔터테인먼트 그림,서울문화사,아만410-수92ㅅ-77,30.0,
152.0,QC0000036041,(코믹 메이플스토리) 수학도둑 : 창의편. 47,송도수 글 ; 서정 엔터테인먼트 그림,서울문화사,아만410-수92ㅅ-47-2,30.0,
153.0,QC0000036037,(코믹 메이플스토리) 수학도둑 : 심화편. 43,송도수 글 ; 서정 엔터테인먼트 그림,서울문화사,아만410-수92ㅅ2-43,30.0,
154.0,QC0000036028,(코믹 메이플스토리) 수학도둑 : 심화편. 34,송도수 글 ; 서정 엔터테인먼트 그림,서울문화사,아만410-수92ㅅ2-34,30.0,
155.0,QC0000035999,(코믹 메이플스토리) 수학도둑 : 기본편. 5,송도수 글 ; 서정은 그림,서울문화사,아만410-수92ㅅ3-5,30.0,
156.0,QC0000035984,"쿠키런 서바이벌 대작전 : 안전상식 학습만화. 28, 최후의 생존자 편",김강현 글 ; 김기수 그림,서울문화사,아만372.42-김12ㅋ-28,30.0,
157.0,QC0000035980,"쿠키런 서바이벌 대작전 : 안전상식 학습만화. 24, 쿠키볼의 비밀 편",김강현 글 ; 김기수 그림,서울문화사,아만372.42-김12ㅋ-24-2,30.0,
158.0,QC0000035963,"쿠키런 서바이벌 대작전 : 안전상식 학습만화. 7, 빙하 편",김강현 글 ; 김기수 그림,서울문화사,아만372.42-김12ㅋ-7-2,30.0,
159.0,QC0000035961,"쿠키런 서바이벌 대작전 : 안전상식 학습만화. 5, 화재 편",김강현 글 ; 김기수 그림,서울문화사,아만372.42-김12ㅋ-5-2,30.0,
160.0,QC0000035929,쿠키런 신통방통 과학 상식,조주희 글 ; 이태영 그림,서울문화사,아만404-쿠878ㅅ-8-2,30.0,
161.0,QC0000035906,"쿠키런 어드벤처 : 쿠키들의 신나는 세계여행. 32, 교토 - 일본",송도수 글 ; 서정은 그림,서울문화사,아만980.24-송25ㅋ-32-2,30.0,
162.0,QC0000035842,"놓지 마 과학!. 5, 정신이 태양계에 정신 놓다","신태훈, 나승훈 [공]글·그림",위즈덤하우스,아만400-신883ㄴ2-5,30.0,
163.0,QC0000035536,"그리스 로마 신화 : 만화로 읽는 초등 인문학. 6, 제우스의 심판",박시연 글 ; 최우빈 그림,아울북,아만219-박58ㄱ-6,30.0,
164.0,QC0000035000,"브레드 이발소. 5, 기묘한 베이커리타운",몬스터 스튜디오 원작·그림,한솔수북,아813.8-몬57ㅂ-5,30.0,
165.0,QC0000033279,구해줘 카카오프렌즈 경제. 2,한유진 글 ; 유희석 그림 ; 강민희 스토리,메가스터디Books,아만320-한66ㄱ-2,30.0,
166.0,QC0000032995,산불에서 살아남기. 1,포도알친구 글 ; 한현동 그림,아이세움,아만408-서42ㅇ-71,30.0,
167.0,QC0000030394,흔한남매. 4,흔한남매 원작 ; 백난도 글 ; 유난희 그림,아이세움,아만657.1-흔92ㅎ-4,30.0,
168.0,QC0000029780,"(백종원의) 도전 요리왕 : 음식으로 맛보는 세계 역사 문화 체험. 5, 태국","백종원, 남지은 [공]글 ; 이정태 그림",위즈덤하우스,아만594-백75ㄷ-5,30.0,
169.0,QC0000029779,흔한남매. 5,흔한남매 원작 ; 백난도 글 ; 유난희 그림,아이세움,아만 657.1-흔92ㅎ-5,30.0,
170.0,QC0000028056,흔한남매. 2,흔한남매 원작 ; 백난도 글 ; 유난희 그림,아이세움,아만657.1-흔92ㅎ-2,30.0,
171.0,QC0000027928,"그리스 로마 신화 : 만화로 읽는 초등 인문학. 12, 에로스와 프시케의 진정한 사랑",박시연 글 ; 최우빈 그림,아울북,아만219-박58ㄱ-12,30.0,
172.0,QC0000026651,"(카카오프렌즈) 과학탐정단. 1, 로봇",김승현 글 ; 최우빈 그림,대원키즈,아만400-김57ㄱ-1,30.0,
173.0,QC0000012319,에너지 위기에서 살아남기. 1,김정욱 글 ; 한현동 그림,아이세움(미래엔),아만408-서42ㅇ-39,30.0,
174.0,QA0000071410,뽀짜툰. 2,채유리 글·그림,북폴리오,657.3-채66ㅃ-2,29.0,
175.0,QV0000006838,(엉뚱발랄) 콩순이 : 장난감나라 대모험,이선명 감독,아이브엔터테인먼트 [제작],영화 688.6-이54ㅋ,29.0,
176.0,QC0000047572,쿠키런 만능 로봇 과학 상식,임우영 글 ; 이태영 그림,서울문화사,아만404-쿠878ㅅ-21,29.0,
177.0,QC0000047519,"생일엔 마라탕. 2, 소원을 들어주는 마라탕",류미정 글 ; 손수정 그림,밝은미래,아813.8-류38ㅅ-2,29.0,
178.0,QC0000047453,벚꽃 수영장,신현경 글 ; 노예지 그림,북스그라운드:인플루엔셜,아 813.8-신94ㅂ-3,29.0,
179.0,QC0000047112,(타키 포오)얼렁뚱땅 상식스쿨 : 초등 상식 학습 스토리북. 2,캐릭온TV 원작 ; 김언정 글 ; 조수현 그림,대원키즈,아031-캐298ㅇ-2,29.0,
180.0,QC0000047041,"비밀요원 레너드 과학X파일 : 동물. 2, 멸종 위기 동물 실종 사건",김정욱 글 ; 유희석 그림,아울북,아408-김74ㅂ-2,29.0,
181.0,QC0000047013,"(설민석의)그리스 로마 신화 대모험. 6, 가정의 여신 헤라","설민석, 남이담 [공]글 ; 이미나 만화",단꿈아이,아만219.2-설38ㄱ-6,29.0,
182.0,QC0000047008,"(설민석의)그리스 로마 신화 대모험. 5, 불을 훔친 프로메테우스","설민석, 남이담 [공]글 ; 이미나 만화",단꿈아이,아만219.2-설38ㄱ-5,29.0,
183.0,QC0000046905,"(비밀요원 레너드) 우리말 사무소. 1, 맞춤법·속담·관용어·고사성어",이향안 글 ; 라임스튜디오 그림,아울북,아710-이93ㅇ-1,29.0,
184.0,QC0000046868,(코믹 메이플스토리) 수학도둑 : 응용편. 100,송도수 글 ; 서정 엔터테인먼트 그림,서울문화사,아만410-수92ㅅ-100,29.0,
185.0,QC0000046739,(코믹 메이플스토리) 수학도둑 : 응용편. 83,송도수 글 ; 서정 엔터테인먼트 그림,서울문화사,아만410-수92ㅅ-83,29.0,
186.0,QC0000046583,(코믹 메이플스토리) 수학도둑 : 창의편. 49,송도수 글 ; 서정 엔터테인먼트 그림,서울문화사,아만410-수92ㅅ-49,29.0,
187.0,QC0000046561,냥 작가의 동시 상담소,즐비 글 ; 김준식 그림,파란정원,아082-병62ㅍ-21,29.0,
188.0,QC0000046467,여기는 루퐁이네. [2] : 귀염뽀짝 탐구 생활,루퐁이 지음,서울문화사,아818-루895ㅇ-2,29.0,
189.0,QC0000046252,위기 탈출 도감,스즈키 노리타케 글·그림 ; 권남희 옮김,이아소,아833.8-스77ㅇ,29.0,
190.0,QC0000045903,고 녀석 맛있겠다,미야니시 타츠야 글·그림 ; 백승인 옮김,달리,유 833.8-미63ㄷ-1-3,29.0,
191.0,QC0000045876,한밤중 달빛 식당,이분희 글 ; 윤태규 그림,비룡소,아 808.9-난82ㅂ-2-65-3,29.0,
192.0,QC0000045867,(읽으면서 바로 써먹는) 어린이 수수께끼,한날 글·그림,파란정원,아 082-맛68ㅍ-31-2,29.0,
193.0,QC0000045848,강남 사장님 : 이지음 장편동화,이지음 지음 ; 국민지 그림,비룡소,아 808.9-일15ㅂ-32-2,29.0,
194.0,QC0000045524,"라바 지구 수비대. 5, 멸종 위기 동식물","김정욱 글 ; 김정한, 장호찬 [공]그림",다산어린이,아539.9-라42ㄷ-5,29.0,
195.0,QC0000045332,"(흔한남매) 이상한 나라의 고전 읽기. 4, 구운몽·금방울전·김원전",흔한남매 원작 ; 최재훈 글 ; 정주연 그림,아이세움,아만813.5-흔92ㅇ-4,29.0,
196.0,QC0000045245,"(흔한남매) 과학 탐험대. 8, 생물 2","흔한남매 원작 ; 김언정, 이현진 [공]글 ; 김덕영 그림",주니어김영사,아만404-흔92ㄱ-8,29.0,
197.0,QC0000044904,"쿠키런 어드벤처 : 쿠키들의 세계 역사 탐험 : 이상한 나라에서 온 고양이. 52, 파라오의 저주",송도수 글 ; 서정은 그림,서울문화사,아만980.24-송25ㅋ-52,29.0,
198.0,QC0000044211,"(최고다!) 과학 호기심 딱지. 4, 두근두근 캠핑 여행",방콕고양이 글 ; 윤현우 그림,EBS Books,아만 408-과92아-4,29.0,
199.0,QC0000044020,(코믹 메이플스토리) 수학도둑 : 응용편. 93,송도수 글 ; 서정 엔터테인먼트 그림,서울문화사,아만410-수92ㅅ-93,29.0,
200.0,QC0000044012,"(손오공의 한자 대탐험) 마법천자문. 56, 보통과 아주 다르다! 특별(特別)",유대영 글 ; 정수영 그림,아울북,아만711.47-마44ㅇ-56,29.0,
201.0,QC0000043871,(코믹 메이플스토리) 수학도둑 : 심화편. 32,송도수 글 ; 서정 엔터테인먼트 그림,서울문화사,아만410-수92ㅅ2-32,29.0,
202.0,QC0000043822,(흔한남매의) 흔한 호기심 : 일상에서 만나는 과학 상식. 9,흔한남매 원작 ; 안치현 글 ; 유난희 그림,아이세움,아만408-흔92ㅎ-9,29.0,
203.0,QC0000043477,"똥볶이 할멈. 4, 모습은 달라도 우리는 친구야!",강효미 글 ; 김무연 그림,슈크림북,아813.8-강95ㄸ-4,29.0,
204.0,QC0000043307,(자연 생물 관찰 만화) 에그박사. 8,에그박사 원작 ; 박송이 글 ; 홍종현 그림,아이세움,아만472-에17ㅇ-8,29.0,
205.0,QC0000043154,"토깽이네 지구 구출 대작전. 1, 사라져 가는 숲을 구하라",토깽이네 원작 ; 잼스토리 글 ; 양선모 그림,위즈덤하우스,아539-토13ㅌ-1-2,29.0,
206.0,QC0000043089,"(곤충보다 작아진) 정브르, 생물 학습 만화. 2",정브르 원작 ; 강민희 글 ; 강신영 그림,겜툰,아495.2-정47ㅈ-2,29.0,
207.0,QC0000042172,오늘의 영상툰 : 두근두근 알쏭달쏭 심쿵 비밀 이야기. 4,오늘의 영상툰 원작,서울문화사,아만813.8-오197ㅇ-4,29.0,
208.0,QC0000040970,"Go Go 카카오프렌즈 : 세계 역사 문화 체험 학습만화. 25, 네덜란드",김미영 글 ; 김정한 그림,아울북,아만909-김38ㄱ-25,29.0,
209.0,QC0000040929,"비밀요원 레너드. 7, 인어의 비밀을 찾아라!",박설연 글 ; 김덕영 그림,아울북,아813.8-박54ㅂ-7,29.0,
210.0,QC0000040927,"비밀요원 레너드. 5, 핼러윈 유령을 찾아라!",박설연 글 ; 김덕영 그림,아울북,아813.8-박54ㅂ-5,29.0,
211.0,QC0000040923,"비밀요원 레너드. 1, 옷장 속 괴물 부기맨이 나타났다!",박설연 글 ; 김덕영 그림,아울북,아813.8-박54ㅂ-1,29.0,
212.0,QC0000040846,"브레드 이발소. 7, 베이커리타운 테일즈",몬스터 스튜디오 원작·그림,한솔수북,아813.8-몬57ㅂ-7,29.0,
213.0,QC0000040744,"쿠키런 서바이벌 대작전 : 안전상식 학습만화. 42, 쿠키들의 흔적 편",김강현 글 ; 김기수 그림,서울문화사,아만372.42-김12ㅋ-42,29.0,
214.0,QC0000040742,"(손오공의 한자 대탐험) 마법천자문. 53, 결정을 내려라! 결단할 결(決)",유대영 글 ; 홍거북 그림,아울북,아만711.47-마44ㅇ-53,29.0,
215.0,QC0000040511,"(극장판) 포켓몬스터 정글의 아이, 코코",[학산문화사 편집부 편],학산문화사,아833.8-학52ㅍ,29.0,
216.0,QC0000040186,흔한남매. 9,흔한남매 원작 ; 백난도 글 ; 유난희 그림,아이세움,아만 657.1-흔92ㅎ-9,29.0,
217.0,QC0000040180,"그리스 로마 신화 : 만화로 읽는 초등 인문학. 7, 새로운 인간의 시대",박시연 글 ; 최우빈 그림,아울북,아만219-박58ㄱ-7,29.0,
218.0,QC0000040179,"그리스 로마 신화 : 만화로 읽는 초등 인문학. 5, 인간들의 왕, 프로메테우스",박시연 글 ; 최우빈 그림,아울북,아만219-박58ㄱ-5,29.0,
219.0,QC0000040055,"쿠키런 서바이벌 대작전 : 안전상식 학습만화. 40, 해저도시 슈가티어 편",김강현 글 ; 김기수 그림,서울문화사,아만372.42-김12ㅋ-40,29.0,
220.0,QC0000040054,"쿠키런 서바이벌 대작전 : 안전상식 학습만화. 39, 숨 막히는 추격 편",김강현 글 ; 김기수 그림,서울문화사,아만372.42-김12ㅋ-39,29.0,
221.0,QC0000040030,기생충 세계에서 살아남기. 1,곰돌이 co. 글 ; 한현동 그림,아이세움,아만408-서42ㅇ-58-2,29.0,
222.0,QC0000040004,(자연 생물 관찰 만화) 에그박사. 6,에그박사 원작;박송이 글,아이세움:미래엔,아만 472-에17ㅇ-6,29.0,
223.0,QC0000039970,(흔한남매) 불꽃 튀는 우리말 : 초등 국어 고수 되기 프로젝트. 4,흔한남매 원작 ; 한은호 글 ; 유희석 그림,다산어린이,아만710-흔92ㅂ-4,29.0,
224.0,QC0000039966,"Go Go 카카오프렌즈 : 세계 역사 문화 체험 학습만화. 23, 싱가포르",김미영 글 ; 김정한 그림,아울북,아만909-김38ㄱ-23-2,29.0,
225.0,QC0000039908,"Go Go 카카오프렌즈 : 세계 역사 문화 체험 학습만화. 23, 싱가포르",김미영 글 ; 김정한 그림,아울북,아만909-김38ㄱ-23,29.0,
226.0,QC0000039901,"밥스 패밀리. 2, 황금 단무지를 찾아라",이연지 글 ; 이정화 그림,겜툰,아813.8-이64ㅂ-2,29.0,
227.0,QC0000036145,"(손오공의 한자 대탐험) 마법천자문. 50, 착해져라! 착할 선(善)",유대영 글 ; 홍거북 그림,아울북,아만711.47-마44ㅇ-50,29.0,
228.0,QC0000036140,"(손오공의 한자 대탐험) 마법천자문. 45, 마구마구 탐해라! 욕심 욕(慾)",김현수 글 ; 홍거북 그림,아울북,아만711.47-마44ㅇ-45-2,29.0,
229.0,QC0000036130,"(손오공의 한자 대탐험) 마법천자문. 35, 도와라! 도울 보(補)",올댓스토리 글 ; 김성재 윤색 ; 홍거북 그림,아울북,아만711.47-마44ㅇ2-35,29.0,
230.0,QC0000036002,(코믹 메이플스토리) 수학도둑 : 기본편. 8,송도수 글 ; 서정은 그림,서울문화사,아만410-수92ㅅ3-8,29.0,
231.0,QC0000035992,"쿠키런 서바이벌 대작전 : 안전상식 학습만화. 36, 시간여행자의 등장 편",김강현 글 ; 김기수 그림,서울문화사,아만372.42-김12ㅋ-36,29.0,
232.0,QC0000035985,"쿠키런 서바이벌 대작전 : 안전상식 학습만화. 29, 정령의 경고 편",김강현 글 ; 김기수 그림,서울문화사,아만372.42-김12ㅋ-29,29.0,
233.0,QC0000035973,"쿠키런 서바이벌 대작전 : 안전상식 학습만화. 17, 재난·재해 편",김강현 글 ; 김기수 그림,서울문화사,아만372.42-김12ㅋ-17-2,29.0,
234.0,QC0000035948,쿠키런 호기심 과학 상식,임우영 글 ; 이태영 그림,서울문화사,아만404-쿠878ㅅ-27,29.0,
235.0,QC0000035937,쿠키런 학교왕 과학 상식,조주희 글 ; 이태영 그림,서울문화사,아만404-쿠878ㅅ-16-2,29.0,
236.0,QC0000035935,쿠키런 엽기 과학 상식,조주희 글 ; 이태영 그림,서울문화사,아만404-쿠878ㅅ-14-2,29.0,
237.0,QC0000035924,쿠키런 엉뚱 과학 상식,조주희 글 ; 이태영 그림,서울문화사,아만404-쿠878ㅅ-3-2,29.0,
238.0,QC0000035923,쿠키런 불가사의 과학 상식,조주희 글 ; 이태영 그림,서울문화사,아만404-쿠878ㅅ-2,29.0,
239.0,QC0000035900,"쿠키런 어드벤처 : 쿠키들의 신나는 세계여행. 26, 리스본 - 포르투갈",송도수 글 ; 서정은 그림,서울문화사,아만980.24-송25ㅋ-26-2,29.0,
240.0,QC0000035893,"쿠키런 어드벤처 : 쿠키들의 신나는 세계여행. 19, 카이로 - 이집트",송도수 글 ; 서정은 그림,서울문화사,아만980.24-송25ㅋ-19-2,29.0,
241.0,QC0000035892,"쿠키런 어드벤처 : 쿠키들의 신나는 세계여행. 18, 리우데자네이루 - 브라질",송도수 글 ; 서정은 그림,서울문화사,아만980.24-송25ㅋ-18-2,29.0,
242.0,QC0000035876,"쿠키런 어드벤처 : 쿠키들의 신나는 세계여행. 2, 베이징",송도수 글 ; 서정은 그림,서울문화사,아만980.24-송25ㅋ-2-2,29.0,
243.0,QC0000035843,"놓지 마 과학!. 6, 정신이 실험에 정신 놓다","신태훈, 나승훈 [공]글·그림",위즈덤하우스,아만400-신883ㄴ2-6,29.0,
244.0,QC0000035838,"놓지 마 과학!. 1, 정신이 달에 정신 놓다","신태훈, 나승훈 [공]글·그림",위즈덤하우스,아만400-신883ㄴ2-1,29.0,
245.0,QC0000035103,(흔한남매) 별난 방탈출. 3,흔한남매 원작 ; 김언정 글 ; 차차 그림,아이세움,아만 691-흔92ㅂ-3,29.0,
246.0,QC0000034968,"(무엇이든 해결단) 허팝 연구소. 7, 남극 SOS 대소동",라곰씨 글 ; 차차 그림,라이카미,아404-라15ㅎ-7,29.0,
247.0,QC0000034966,(흔한남매의) 흔한 호기심 : 일상에서 만나는 과학 상식. 3,흔한남매 원작 ; 안치현 글 ; 유난희 그림,아이세움,아만408-흔92ㅎ-3,29.0,
248.0,QC0000034063,흔한남매. 7,흔한남매 원작 ; 백난도 글 ; 유난희 그림,아이세움,아만 657.1-흔92ㅎ-7,29.0,
249.0,QC0000033261,고층 건물에서 살아남기. 2,팝콘스토리 글 ; 한현동 그림,아이세움,아만408-서42ㅇ-68,29.0,
250.0,QC0000033090,에너지 위기에서 살아남기. 2,김정욱 글 ; 한현동 그림,아이세움,아만408-서42ㅇ-40-2,29.0,
251.0,QC0000032702,산불에서 살아남기. 2,포도알친구 글 ; 한현동 그림,아이세움,아만408-서42ㅇ-72,29.0,
252.0,QC0000032555,(자연 생물 관찰 만화) 에그박사. 3,에그박사 원작 ; 박송이 글,아이세움,아만 472-에17ㅇ-3,29.0,
253.0,QC0000030848,(흔한 남매) 안 흔한 일기. 3,흔한남매 원작 ; 강효미 글 ; 조병주 그림,MiraeN아이세움,아만657.1-흔92아-3,29.0,
254.0,QC0000028647,"쿠키런 서바이벌 대작전 : 안전상식 학습만화. 20, 지옥 곤충 편",김강현 글 ; 김기수 그림,서울문화사,아만372.42-김12ㅋ-20,29.0,
255.0,QC0000028273,구해줘 카카오프렌즈 한국사 : 큰★별쌤 최태성과 떠나는 한국사 대탐험. 2,"최태성, 조윤호 [공]글 ; 도니패밀리 그림",메가스터디,아만911-최883ㄱ-2,29.0,
256.0,QC0000028272,구해줘 카카오프렌즈 한국사 : 큰★별쌤 최태성과 떠나는 한국사 대탐험. 1,"최태성, 조윤호 [공]글 ; 도니패밀리 그림",메가스터디,아만911-최883ㄱ-1,29.0,
257.0,QC0000026808,쓰레기 섬에서 살아남기,곰돌이 co. 글 ; 한현동 그림,아이세움,아만408-서42ㅇ-64,29.0,
258.0,QC0000026113,알레르기에서 살아남기. 2,곰돌이 co. 글 ; 한현동 그림,아이세움(미래엔),아만408-서42ㅇ-63,29.0,
259.0,QC0000025440,"(신비아파트) 한자 귀신 : 오싹 공포 한자 학습 만화. 1, 1001개의 구슬",김강현 글 ; 김기수 그림,서울문화사,아만711.4-김12ㅎ-1,29.0,
260.0,QC0000025351,"놓지 마 과학!. 10, 정신이 동물에 정신 놓다","신태훈, 나승훈 [공]글·그림",위즈덤하우스,아만 400-신883ㄴ-10,29.0,
261.0,QC0000013987,"쿠키런 별별 대백과. 1, 애완동물",진가구 글 ; GBN 그림,서울문화사,아만031-쿠878ㅅ-1,29.0,
262.0,QC0000013477,조류 세계에서 살아남기. 2,곰돌이 co. 글 ; 한현동 그림,아이세움,아만408-서42ㅇ-6,29.0,
263.0,QA0000111226,"반장으로서의 책임과 의무. 3, 그건 바로 스캔들이야",수신지 글·그림,귤프레스,657.1-수58ㅂ-3,29.0,
264.0,QA0000099602,뽀짜툰. 9,채유리 글·그림,북폴리오,657.3-채66ㅃ-9,29.0,
265.0,QA0000099599,뽀짜툰. 6,채유리 글·그림,북폴리오,657.3-채66ㅃ-6,28.0,
266.0,QC0000048126,"왔구마 고구마구마. 7, 마음도 튼튼 몸도 튼튼",전재운 글 ; 쏘울크리에이티브 그림,킨더랜드,아813.8-왔16ㅋ-7,28.0,
267.0,QC0000047630,"쿠키런 어드벤처 : 쿠키들의 신나는 세계여행. 36, 델리 - 인도",송도수 글 ; 서정은 그림,서울문화사,아만980.24-송25ㅋ-36,28.0,
268.0,QC0000047543,쿠키런 별난 우주 과학 상식,조주희 글 ; 이태영 그림,서울문화사,아만404-쿠878ㅅ-7,28.0,
269.0,QC0000047493,"(흔한남매)과학 탐험대. 9, 대기와 날씨",흔한남매 원작 ; 김언정 ; 이현진 [공]글 ; 이태영 ; 김덕영 [공]그림,주니어김영사,아만 404-흔92ㄱ-9,28.0,
270.0,QC0000047486,"뼈뼈 사우루스. 16, 베베와 공포의 '뼈뼈 검치호랑이'",암모나이트 글·그림 ; 김정화 옮김,아이세움,아657.1-암35ㅃ-16,28.0,
271.0,QC0000047476,"뼈뼈 사우루스. 14, 정체불명, '운석랜드'가 나타나다!",암모나이트 글·그림 ; 김정화 옮김,아이세움,아657.1-암35ㅃ-14,28.0,
272.0,QC0000047173,"Go Go 카카오프렌즈: 자연탐사. 2, 사하라 사막",조주희 글 ; 김정한 그림,아울북,아만472.5-조76ㄱ-2,28.0,
273.0,QC0000047171,"Go Go 카카오프렌즈: 자연탐사. 3, 갈라파고스 제도",조주희 글 ; 김정한 그림,아울북,아만472.5-조76ㄱ-3,28.0,
274.0,QC0000047168,"Go Go 카카오프렌즈: 자연탐사. 6, 로키산맥 숲",조주희 글 ; 김정한 그림,아울북,아만472.5-조76ㄱ-6,28.0,
275.0,QC0000047167,"Go Go 카카오프렌즈 자연탐사. 7, 지중해 연안",조주희 글 ; 김정한 그림,아울북,아만 472.5-조76ㄱ-7,28.0,
276.0,QC0000047111,(타키 포오)얼렁뚱땅 상식스쿨 : 초등 상식 학습 스토리북. 1,캐릭온TV 원작 ; 김언정 글 ; 조수현 그림,대원키즈,아031-캐298ㅇ-1,28.0,
277.0,QC0000047105,"천하무적 개냥이 수사대: 시즌 2. 3, 엄청나게 수상한 전화",이승민 글 ; 윤태규 그림,위즈덤하우스,아 813.8-이57ㅊ-2-3,28.0,
278.0,QC0000047040,"비밀요원 레너드 과학X파일 : 원소. 1, 킹 다이아몬드 도난 사건",김정욱 글 ; 유희석 그림,아울북,아408-김74ㅂ-1,28.0,
279.0,QC0000047012,"(설민석의)그리스 로마 신화 대모험. 1, 사라진 신들의 세상","설민석, 남이담 [공]글 ; 이미나 만화",단꿈아이,아만219.2-설38ㄱ-1,28.0,
280.0,QC0000047011,"(설민석의)그리스 로마 신화 대모험. 2, 열두 신의 귀환","설민석, 남이담 [공]글 ; 이미나 만화",단꿈아이,아만219.2-설38ㄱ-2,28.0,
281.0,QC0000046949,"쿠키런 서바이벌 대작전 : 안전상식 학습만화. 3, 도시 편",김강현 글 ; 김기수 그림,서울문화사,아만372.42-김12ㅋ2-3,28.0,
282.0,QC0000046916,인체에서 살아남기. 3,곰돌이 co. 글 ; 한현동 그림,아이세움,아만408-서42ㅇ-27,28.0,
283.0,QC0000046888,"(흔한남매) 과학 탐험대. 10, 생태계","흔한남매 원작 ; 김언정, 이현진 [공]글 ; 이태영, 임혜영 [공]그림",주니어김영사,아만 404-흔92ㄱ-10,28.0,
284.0,QC0000046726,"왔구마 고구마구마. 5, 팝콘 도시락과 눈꽃딸기",전재운 글 ; 쏘울크리에이티브 그림,킨더랜드,아 813.8-왔16ㅋ-5,28.0,
285.0,QC0000046725,(자연 생물 관찰 만화) 에그박사. 12,에그박사 원작 ; 박송이 글 ; 홍종현 그림,아이세움,아만 472-에17ㅇ-12,28.0,
286.0,QC0000046688,"(설민석의) 한국사 대모험. 27, 최재형 편 - 기념관의 유령","설민석, 스토리박스 [공]글 ; 정현희 그림",단꿈아이,아만911-설38ㅎ-27,28.0,
287.0,QC0000046664,"발자국 탐정 왈녹. 1, 사라진 꿀벌을 찾아라!",백연화 글 ; 지은 그림,아르볼,아 813.8-백64ㅂ-1,28.0,
288.0,QC0000046545,"그리스 로마 신화 : 만화로 읽는 초등 인문학. 37, 신들의 고향, 그리스의 투지",박시연 글 ; 최우빈 그림,아울북,아만219-박58ㄱ-37,28.0,
289.0,QC0000046322,빨간내복야코. 3,빨간내복야코 원작 ; 서후 글·그림,샌드박스스토리키즈,아657.1-빨12ㅃ-3,28.0,
290.0,QC0000045991,생일엔 마라탕. 1 : 생일에만 보이는 마라탕,류미정 글 ; 손수정 그림,밝은미래,아843.6-류38ㅅ-1,28.0,
291.0,QC0000045990,할머니의 감기약,김희주 지음,고래뱃속,유813.8-고293ㄱ-58,28.0,
292.0,QC0000045928,나는 개다,백희나 글·그림,책읽는곰,유 813.8-그298ㅊ-56-3,28.0,
293.0,QC0000045916,꽁꽁꽁 아이스크림,윤정주 글·그림,책읽는곰,유 813.8-그298ㅊ-91-3,28.0,
294.0,QC0000045757,"비밀요원 레너드. 17, 뱀파이어를 쫓아라!",박설연 글 ; 김덕영 그림,아울북,아813.8-박54ㅂ-17,28.0,
295.0,QC0000045379,"(설민석의) 세계사 대모험. 12, 영국 산업 혁명 편 - 희망의 숨결","설민석, 김정욱 [공]글 ; 박성일 그림",단꿈아이,아만909-설38ㅅ-12,28.0,
296.0,QC0000045378,"(설민석의) 세계사 대모험. 11, 영국 산업 혁명 편 - 혁명에 맞선 자들","설민석, 김정욱 [공]글 ; 박성일 그림",단꿈아이,아만909-설38ㅅ-11,28.0,
297.0,QC0000045375,"(설민석의) 한국사 대모험. 26, 박병선 편 : 잃어버린 의궤를 찾아서!","설민석, 스토리박스 [공]글 ; 정현희 그림",단꿈아이,아만911-설38ㅎ-26,28.0,
298.0,QC0000045249,"내일은 발명왕 : 본격 대결 과학발명 만화. 37, 물감 풍선 서바이벌",곰돌이 co. 글 ; 홍종현 그림,아이세움,아만507.5-곰25ㄴ-37,28.0,
299.0,QC0000045154,(읽으면서 바로 써먹는) 어린이 세계사 퀴즈. 2,한날 글·그림,파란정원,아082-맛68ㅍ-56,28.0,
300.0,QC0000045088,쿠키런 박물관 과학 상식,임우영 글 ; 이태영 그림,서울문화사,아만404-쿠878ㅅ-28,28.0,
301.0,QC0000044697,기분 좋아 라면,양혜원 글 ; 강은옥 그림,그레이트books,아808.3-술56ㄱ-22,28.0,
302.0,QC0000044534,"그리스 로마 신화 : 만화로 읽는 초등 인문학. 31, 아이네이아스의 새로운 여정",박시연 글 ; 최우빈 그림,아울북,아만219-박58ㄱ-31-2,28.0,
303.0,QC0000044523,(읽다 보면 저절로 알게 되는) 신비한 높임말 사전,이수인 글·그림,파란정원,아082-맛68ㅍ-42,28.0,
304.0,QC0000044336,여기는 루퐁이네 : 안녕? 천사들,루퐁이 지음,서울문화사,아 818-루895ㅇ=2,28.0,
305.0,QC0000044210,"(최고다!) 과학 호기심 딱지. 3, 호기심 뿜뿜 놀이공원",방콕고양이 글 ; 윤현우 그림,EBS Books,아만408-과92아-3,28.0,
306.0,QC0000044201,"도그맨. 3, 도그맨, 두 고양이 이야기",대브 필키 지음 ; 노은정 옮김,위즈덤하우스,아843-필878ㄷ2-3,28.0,
307.0,QC0000044186,의사 어벤저스:어린이 의학 동화,고희정 글;조승연 그림,가나:가나문화콘텐츠,아510.4-고97ㅇ-11=2,28.0,
308.0,QC0000044159,"똥볶이 할멈. 5, 우리들의 해방일지",강효미 글 ; 김무연 그림,슈크림북,아813.8-강95ㄸ-5,28.0,
309.0,QC0000044145,"그리스 로마 신화 : 만화로 읽는 초등 인문학. 23, 거신족의 역습",박시연 글 ; 최우빈 그림,아울북,아만219-박58ㄱ-23-2,28.0,
310.0,QC0000044130,"쿠키런 어드벤처 : 쿠키들의 신통방통 지리 여행. 48, 거미저택의 초대 - 지구의 위기 쓰레기 습격",송도수 글 ; 서정은 그림,서울문화사,아만980.24-송25ㅋ-48-2,28.0,
311.0,QC0000044023,"Go Go 카카오프렌즈 : 세계 역사 문화 체험 학습만화. 26, 폴란드",김미영 글 ; 김정한 그림,아울북,아만909-김38ㄱ-26,28.0,
312.0,QC0000044022,"(흔한남매) 이상한 나라의 고전 읽기. 3, 양반전·박씨부인전·운영전",흔한남매 원작 ; 최재훈 글 ; 정주연 그림,아이세움,아만813.5-흔92ㅇ-3,28.0,
313.0,QC0000044018,(코믹 메이플스토리) 수학도둑 : 응용편. 91,송도수 글 ; 서정 엔터테인먼트 그림,서울문화사,아만410-수92ㅅ-91,28.0,
314.0,QC0000043813,"곤충 탐정 정브르. 4, 하늘소 왕국 대소동",정브르 원작 ; 한바리 글 ; 도니패밀리 그림,서울문화사,아495.2-정47가-4,28.0,
315.0,QC0000043314,"도그맨. 5, 도그맨과 벼룩 대왕",대브 필키 지음 ; 노은정 옮김,위즈덤하우스,아843-필878ㄷ2-5,28.0,
316.0,QC0000043305,"(흔한남매) 이상한 나라의 고전 읽기. 2, 전우치전·콩쥐팥쥐전·금오신화",최재훈 글 ; 정주연 그림,아이세움,아만813.5-흔92ㅇ-2,28.0,
317.0,QC0000043152,"토깽이네 지구 구출 대작전. 3, 거대 괴물로부터 바다를 구하라!",토깽이네 원작 ; 잼스토리 글 ; 양선모 그림,위즈덤하우스,아539-토13ㅌ-3,28.0,
318.0,QC0000042965,"놓지 마 과학!. 17, 모카노 왕국의 보물과 밀실 미스터리","신태훈, 나승훈 [공]글·그림",위즈덤하우스,아만400-신883ㄴ-17,28.0,
319.0,QC0000042959,"비밀요원 레너드. 13, 투명인간은 정말 있을까?",박설연 글 ; 김덕영 그림,아울북,아813.8-박54ㅂ-13,28.0,
320.0,QC0000041824,"밥스 패밀리. 3, 학교 괴담의 비밀을 밝혀라",이연지 글 ; 이정화 그림,겜툰,아813.8-이64ㅂ-3,28.0,
321.0,QC0000041499,(코믹 메이플스토리) 수학도둑 : 응용편. 90,송도수 글 ; 서정 엔터테인먼트 그림,서울문화사,아만410-수92ㅅ-90,28.0,
322.0,QC0000041428,"(흔한남매) 이상한 나라의 고전 읽기. 1, 춘향전·토끼전·옹고집전",흔한남매 원작 ; 최재훈 글 ; 정주연 그림,아이세움,아만 813.5-흔92ㅇ-1,28.0,
323.0,QC0000041425,"(나의 성격을 이해하고 더 멋진 내가 되는) 우리들의 MBTI. 1, 성격 유형","조수연, 전판교 [공]글 ; 소윤 그림",다산어린이,아182.12-조56ㅇ-1,28.0,
324.0,QC0000040536,"그리스 로마 신화 : 만화로 읽는 초등 인문학. 28, 트로이아 여인들의 비극",박시연 글 ; 최우빈 그림,아울북,아만219-박58ㄱ-28,28.0,
325.0,QC0000040508,(에그박사의) 채집 일기. 2,에그박사 원작 ; 박송이 글 ; 홍종현 그림,아이세움,아479-에17ㅊ-2,28.0,
326.0,QC0000040297,(코믹 메이플스토리) 수학도둑 : 응용편. 87,송도수 글 ; 서정 엔터테인먼트 그림,서울문화사,아만410-수92ㅅ-87,28.0,
327.0,QC0000040177,"그리스 로마 신화 : 만화로 읽는 초등 인문학. 2, 신들의 왕, 제우스",박시연 글 ; 최우빈 그림,아울북,아만219-박58ㄱ-2,28.0,
328.0,QC0000040043,두근두근 편의점 : 김영진 그림책,김영진 지음,책읽는곰,유813.8-그298ㅊ-88,28.0,
329.0,QC0000039920,(읽으면서 바로 써먹는) 어린이 신체 관용구,한날 글·그림,파란정원,아082-맛68ㅍ-43,28.0,
330.0,QC0000039788,"(흔한남매) 과학 탐험대. 3, 인체","흔한남매 원작 ; 이재국, 이현진 [공]글 ; 김덕영 그림",주니어김영사,아만404-흔92ㄱ-3,28.0,
331.0,QC0000036174,"(손오공의 한자 대탐험) 마법천자문. 51, 찬란하게 빛나라! 빛날 휘輝!",유대영 글 ; 홍거북 그림,아울북,아만711.47-마44ㅇ-51,28.0,
332.0,QC0000036131,"(손오공의 한자 대탐험) 마법천자문. 36, 우리와 함께! 참여할 참(參)",올댓스토리 글 ; 김성재 윤색 ; 홍거북 그림,아울북,아만711.47-마44ㅇ2-36,28.0,
333.0,QC0000036121,"(손오공의 한자 대탐험) 마법천자문. 26, 포효하는 맹수! 사나울 맹(猛)",올댓스토리 글 ; 홍거북 그림,아울북,아만711.47-마44ㅇ2-26,28.0,
334.0,QC0000036094,"(신비아파트) 한자 귀신. 16, 실종된 외계인",김강현 글 ; 김기수 그림,서울문화사,아만711.4-김12ㅎ-16,28.0,
335.0,QC0000036087,"(신비아파트) 한자 귀신. 9, 영혼의 구슬",김강현 글 ; 김기수 그림,서울문화사,아만711.4-김12ㅎ-9,28.0,
336.0,QC0000036086,"(신비아파트) 한자 귀신. 8, 혼돈의 도시",김강현 글 ; 김기수 그림,서울문화사,아만711.4-김12ㅎ-8,28.0,
337.0,QC0000036051,(코믹 메이플스토리) 수학도둑 : 창의편. 57,송도수 글 ; 서정 엔터테인먼트 그림,서울문화사,아만410-수92ㅅ-57,28.0,
338.0,QC0000036034,(코믹 메이플스토리) 수학도둑 : 심화편. 40,송도수 글 ; 서정 엔터테인먼트 그림,서울문화사,아만410-수92ㅅ2-40,28.0,
339.0,QC0000036029,(코믹 메이플스토리) 수학도둑 : 심화편. 35,송도수 글 ; 서정 엔터테인먼트 그림,서울문화사,아만410-수92ㅅ2-35,28.0,
340.0,QC0000036003,(코믹 메이플스토리) 수학도둑 : 기본편. 9,송도수 글 ; 서정은 그림,서울문화사,아만410-수92ㅅ3-9,28.0,
341.0,QC0000035981,"쿠키런 서바이벌 대작전 : 안전상식 학습만화. 25, 부활의 시작 편",김강현 글 ; 김기수 그림,서울문화사,아만372.42-김12ㅋ-25-2,28.0,
342.0,QC0000035946,쿠키런 편의점 과학 상식,임우영 글 ; 이태영 그림,서울문화사,아만404-쿠878ㅅ-25,28.0,
343.0,QC0000035940,쿠키런 슈퍼 영웅 과학 상식,조주희 글 ; 이태영 그림,서울문화사,아만404-쿠878ㅅ-19-2,28.0,
344.0,QC0000035917,"쿠키런 어드벤처 : 쿠키들의 신통방통 지리 여행 : 되살아난 괴물. 43, 빙하 속 자원의 땅 알래스카",송도수 글 ; 서정은 그림,서울문화사,아만980.24-송25ㅋ-43,28.0,
345.0,QC0000035881,"쿠키런 어드벤처 : 쿠키들의 신나는 세계여행. 7, 비엔나",송도수 글 ; 서정은 그림,서울문화사,아만980.24-송25ㅋ-7-2,28.0,
346.0,QC0000035880,"쿠키런 어드벤처 : 쿠키들의 신나는 세계여행. 6, 아테네",송도수 글 ; 서정은 그림,서울문화사,아만980.24-송25ㅋ-6-2,28.0,
347.0,QC0000035857,"Go Go 카카오프렌즈 : 세계 역사 문화 체험 학습만화. 12, 터키",김미영 글 ; 김정한 그림,아울북,아만909-김38ㄱ-12-2,28.0,
348.0,QC0000035856,"Go Go 카카오프렌즈 : 세계 역사 문화 체험 학습만화. 11, 한국 1",김미영 글 ; 김정한 그림,아울북,아만909-김38ㄱ-11-2,28.0,
349.0,QC0000034926,"똥볶이 할멈. 1, 아이들을 지켜라",강효미 글 ; 김무연 그림,슈크림북,아813.8-강95ㄸ-1,28.0,
350.0,QC0000033008,"(설민석의) 세계사 대모험. 8, 중국편 - 진시황제의 비밀","설민석, 김정욱 [공]글 ; 박성일 그림",단꿈아이,아만909-설38ㅅ-8,28.0,
351.0,QC0000032882,(읽으면서 바로 써먹는) 어린이 사자성어,한날 글·그림,파란정원,아082-맛68ㅍ-38,28.0,
352.0,QC0000032692,"그리스 로마 신화 : 만화로 읽는 초등 인문학. 20, 아테네를 구한 영웅 테세우스",박시연 글 ; 최우빈 그림,아울북,아만219-박58ㄱ-20,28.0,
353.0,QC0000032554,(흔한남매) 별난 방탈출. 1,흔한남매 원작 ; 김언정 글 ; 차차 그림,아이세움,아만691-흔92ㅂ-1,28.0,
354.0,QC0000032309,"Go Go 카카오프렌즈 : 세계 역사 문화 체험 학습만화. 17, 러시아",김미영 글 ; 김정한 그림,아울북,아만909-김38ㄱ-17,28.0,
355.0,QC0000032308,"Go Go 카카오프렌즈 : 세계 역사 문화 체험 학습만화. 16, 베트남",김미영 글 ; 김정한 그림,아울북,아만909-김38ㄱ-16,28.0,
356.0,QC0000029636,"Go Go 카카오프렌즈 : 세계 역사 문화 체험 학습만화. 14, 그리스",김미영 글 ; 김정한 그림,아울북,아만909-김38ㄱ-14,28.0,
357.0,QC0000028212,"(카카오프렌즈) 과학탐정단. 2, 인공지능",이람이 글 ; 최우빈 그림,대원키즈,아만400-김57ㄱ-2,28.0,
358.0,QC0000026498,"(설민석의) 세계사 대모험. 1, 프랑스혁명 속으로!","설민석, 잼스토리 [공]글 ; 박성일 그림",단꿈아이,아만909-설38ㅅ-1,28.0,
359.0,QC0000026470,"추리 천재 엉덩이 탐정. 7, 기이한 전망 여관 사건",트롤 글·그림 ; 김정화 옮김,아이세움,아833.8-트295ㅊ-7-2,28.0,
360.0,QC0000025910,"Go Go 카카오프렌즈 : 세계 역사 문화 체험 학습만화. 4, 미국",김미영 글 ; 김정한 그림,아울북,아만909-김38ㄱ-4,28.0,
361.0,QC0000023375,"내일은 실험왕 : 본격 대결 과학실험 만화. 44, 로켓과 핵무기",스토리 a 글 ; 홍종현 그림,아이세움,아만407-내68ㅇ-44,28.0,
362.0,QC0000019517,도티＆잠뜰 3D 프린터 : 상상하여 출력하라!,이봄 글 ; 최대식 그림,대원키즈,아만408-미293ㄷ-3,28.0,
363.0,QC0000018167,위험한 녀석들 위기에서 탈출하라!! : 학교생활 안전상식 편,김윤수 글 ; 김기수 그림,학산문화사,아만657.1-개875ㅎ-2,28.0,
364.0,QC0000010593,방사능에서 살아남기. 1,곰돌이 co. 글 ; 한현동 그림,아이세움(미래엔),아만408-서42ㅇ-36,28.0,
365.0,QC0000010418,미세먼지에서 살아남기 = Survival from fine dust,달콤팩토리 글 ; 한현동 그림,아이세움(미래엔),아만408-서42ㅇ-43,28.0,
366.0,QC0000007803,"(쿠키런) 한자런 : 달리는 쿠키들의 한자 대모험. 6, 열심히 달려 쳇 알의 주인이 되어라!! 주인주! (主)",조주희 글 ; 이태영 그림,서울문화사,아만711.4-한72ㅅ-6,28.0,
367.0,QA0000114919,"반장으로서의 책임과 의무. 4, 수학여행은 재밌었니?",수신지 글·그림,귤프레스,657.1-수58ㅂ-4,28.0,
368.0,QA0000114402,놓지마 정신줄!! : 완전판. 10,"신태훈, 나승훈 [공]지음",웹툰북스,657.3-신883ㄴ-10,28.0,
369.0,QA0000099600,뽀짜툰. 7,채유리 글·그림,북폴리오,657.3-채66ㅃ-7,28.0,
370.0,QA0000046552,놓지마 정신줄!! : 완전판. 3,신태훈 ; 나승훈 [공]지음,웹툰북스,657.3-신883ㄴ-3,27.0,
371.0,QV0000006057,겨울왕국. II,"크리스 벅, 제니퍼 리 [공]감독",SM Life Design Group,"영화 688.6-벅,877ㄱ-2",27.0,
372.0,QC0000047618,"(비밀요원 레너드) 우리말 사무소. 3, 의성어·의태어·맞춤법·고사성어·속담",이향안 글 ; 라임스튜디오 그림,아울북,아710-이93ㅇ-3,27.0,
373.0,QC0000047492,"(흔한남매)과학 탐험대. 0, 과학의 기초",흔한남매 원작 ; 김언정 ; 이현진 [공]글 ; 김덕영 그림,주니어김영사,아만404-흔92ㄱ-0,27.0,
374.0,QC0000047473,"뼈뼈 사우루스. 17, ‘빛의 거인’과 ‘어둠의 드래곤’",암모나이트 글·그림 ; 김정화 옮김,아이세움,아657.1-암35ㅃ-17,27.0,
375.0,QC0000047472,"뼈뼈 사우루스. 1, 뼈뼈 티라노사우루스 '베베'의 모험",암모나이트 글·그림 ; 김정화 옮김,아이세움,아657.1-암35ㅃ-1,27.0,
376.0,QC0000047250,마음 수선,최은영 글 ; 모예진 그림,창비,유813.8-최67ㅁ,27.0,
377.0,QC0000047182,"(무한의 계단)세계여행 GO. 2, 프랑스",김강현 글 ; 김기수 그림,서울문화사,아만980.24-김12ㅅ-2,27.0,
378.0,QC0000047159,"(흔한남매)별난 세계 여행. 2, 고대도시",흔한남매 원작 ; 박시연 글 ; 정주연 그림,아이세움,아980.24-흔92ㅂ-2,27.0,
379.0,QC0000047133,(흔한남매)이상한 나라의 고전 읽기. 5 : 장화홍련전·사씨남정기·이춘풍전,흔한남매 원작 ; 최재훈 글 ; 정주연 그림,아이세움,아만 813.5-흔92ㅇ-5,27.0,
380.0,QC0000047130,수상한 영화관,박현숙 글 ; 유영주 그림,북멘토,아808.9-북34ㅂ-60,27.0,
381.0,QC0000047099,(쿠키런 킹덤)파르페디아 아카데미. 1,권용찬 글 ; 임해봉 그림,아이세움,아 813.8-권65ㅍ-1,27.0,
382.0,QC0000047071,"(정재승의)인간탐구보고서 : 어린이를 위한 뇌과학 프로젝트. 14, 인간, 돈의 유혹에 퐁당 빠지다",정재은 글 ; 김현민 그림,아울북,아511.1813-정73ㅈ-14-2,27.0,
383.0,QC0000047047,"(물리박사 김상욱의)수상한 연구실. 2, 중력: 으악, 유령이다!",김하연 글 ; 정순규 그림,아울북,아420-김92ㅅ-2,27.0,
384.0,QC0000047009,"(설민석의)그리스 로마 신화 대모험. 4, 신들의 전쟁 - 티타노마키아","설민석, 남이담 [공]글 ; 이미나 만화",단꿈아이,아만219.2-설38ㄱ-4,27.0,
385.0,QC0000046950,"쿠키런 서바이벌 대작전 : 안전상식 학습만화. 31, 전설의 드래곤 편",김강현 글 ; 김기수 그림,서울문화사,아만372.42-김12ㅋ-31,27.0,
386.0,QC0000046940,"(이상한) 호랑이 빵집. 3, 진짜 호 셰프를 찾아라!",서지원 글 ; 홍그림 그림,아르볼,아813.8-서78ㅎ-3-2,27.0,
387.0,QC0000046911,"쿠키런 서바이벌 대작전 : 안전상식 학습만화. 37, 바꿀 수 없는 과거 편",김강현 글 ; 김기수 그림,서울문화사,아만 372.42-김12ㅋ-37,27.0,
388.0,QC0000046894,"(손오공의 한자 대탐험) 마법천자문. 21, 하나가 되는 마음! 마음 심(心)",김현수 글 ; 홍거북 그림,아울북,아만711.47-마44ㅇ2-21,27.0,
389.0,QC0000046747,"(정재승의) 인간탐구보고서 : 어린이를 위한 뇌과학 프로젝트. 14, 인간, 돈의 유혹에 퐁당 빠지다",정재은 글 ; 김현민 그림,아울북,아511.1813-정73ㅈ-14,27.0,
390.0,QC0000046720,(흔한남매의) 흔한 호기심 : 일상에서 만나는 과학 상식. 11,흔한남매 원작 ; 안치현 글 ; 유난희 그림,아이세움,아만408-흔92ㅎ-11,27.0,
391.0,QC0000046698,고양이 목욕탕,구사카 미나코 글 ; 기타무라 유카 그림 ; 황진희 옮김,옐로스톤,유808.9-상582ㅇ-5,27.0,
392.0,QC0000046692,(에그박사의) 이건 누구 똥?!. 3,에그박사 원작 ; 박송이 글 ; 김덕영 그림,아이세움,아490-에17ㅇ-3,27.0,
393.0,QC0000046596,"의사 어벤저스 : 어린이 의학 동화. 16, 혈액 질환, 아픈 만큼 자란다!",고희정 글 ; 조승연 그림,가나,아 510.4-고97ㅇ-16,27.0,
394.0,QC0000046560,"왔구마 고구마구마. 4, 비상! 비상! 왔구마학교",전재운 글 ; 쏘울크리에이티브 그림,킨더랜드,아813.8-왔16ㅋ-4,27.0,
395.0,QC0000046506,메멘과 모리,요시타케 신스케 글·그림 ; 권남희 옮김,김영사,아833.8-요58마,27.0,
396.0,QC0000046471,(고민을 들어줘) 닥터 별냥. 1,이지음 글 ; 문채빈 그림,꿈터,아813.8-이78ㄷ-1,27.0,
397.0,QC0000046321,빨간내복야코. 1,빨간내복야코 원작 ; 서후 글·그림,샌드박스스토리키즈,아657.1-빨12ㅃ-1,27.0,
398.0,QC0000045953,낙엽 스낵,백유연 글·그림,웅진주니어,유 808.9-웅78아-55-2,27.0,
399.0,QC0000045889,야옹이 수영 교실,신현경 글 ; 노예지 그림,북스그라운드,아 813.8-신94아-2,27.0,
400.0,QC0000045712,(코믹 메이플스토리) 수학도둑 : 응용편. 96,송도수 글 ; 서정 엔터테인먼트 그림,서울문화사,아만410-수92ㅅ-96,27.0,
401.0,QC0000045709,(신기한 맛) 도깨비 식당. 6,"김용세, 김병섭 [공]글 ; 센개 그림",꿈터,아813.8-김65댜-6,27.0,
402.0,QC0000045677,(코믹 메이플스토리) 수학도둑 : 심화편. 44,송도수 글 ; 서정 엔터테인먼트 그림,서울문화사,아만410-수92ㅅ2-44,27.0,
403.0,QC0000045597,(흔한남매의) 흔한 호기심 : 일상에서 만나는 과학 상식. 10,흔한남매 원작 ; 안치현 글 ; 유난희 그림,아이세움,아만408-흔92ㅎ-10,27.0,
404.0,QC0000045250,"내일은 발명왕 : 본격 대결 과학발명 만화. 38, 음식과 발명",곰돌이 co. 글 ; 홍종현 그림,아이세움,아만507.5-곰25ㄴ-38,27.0,
405.0,QC0000045205,"그리스 로마 신화 : 만화로 읽는 초등 인문학. 35, 로마를 지키려는 자",박시연 글 ; 최우빈 그림,아울북,아만219-박58ㄱ-35,27.0,
406.0,QC0000045161,"Go Go 카카오프렌즈 : 세계 역사 문화 체험 학습만화. 29, 멕시코",김미영 글 ; 김정한 그림,아울북,아만909-김38ㄱ-29,27.0,
407.0,QC0000045133,(코믹 메이플스토리) 수학도둑 : 창의편. 60,송도수 글 ; 서정 엔터테인먼트 그림,서울문화사,아만410-수92ㅅ2-60,27.0,
408.0,QC0000045060,"비밀요원 레너드. 16, 유령선의 비밀을 밝혀라!",박설연 글 ; 김덕영 그림,아울북,아813.8-박54ㅂ-16,27.0,
409.0,QC0000045059,"비밀요원 레너드. 15, UFO가 나타났다!",박설연 글 ; 김덕영 그림,아울북,아 813.8-박54ㅂ-15,27.0,
410.0,QC0000045052,(정브르의) 동물일기 : 극장판 스페셜북,정브르 지음,서울문화사,아490-정47ㄷ,27.0,
411.0,QC0000045030,"그리스 로마 신화 : 만화로 읽는 초등 인문학. 22, 헤라클레스의 열두 과업",박시연 글 ; 최우빈 그림,아울북,아만219-박58ㄱ-22,27.0,
412.0,QC0000045026,"(정재승의) 인간탐구보고서 : 어린이를 위한 뇌과학 프로젝트. 12, 인간은 누구나 더없이 예술적이다",정재은 글 ; 김현민 그림,아울북,아511.1813-정73ㅈ-12,27.0,
413.0,QC0000044967,(코믹 메이플스토리) 수학도둑 : 응용편. 82,송도수 글 ; 서정 엔터테인먼트 그림,서울문화사,아만410-수92ㅅ-82,27.0,
414.0,QC0000044966,"쿠키런 서바이벌 대작전 : 안전상식 학습만화. 9, 지진 편",김강현 글 ; 김기수 그림,서울문화사,아만372.42-김12ㅋ-9,27.0,
415.0,QC0000044945,(수상한 놀이공원) 천옥원. [1] : 전천당 번외편,히로시마 레이코 글 ; 쟈쟈 그림 ; 김정화 옮김,길벗스쿨,아833.8-히295ㅊ-1,27.0,
416.0,QC0000044905,"쿠키런 어드벤처 : 쿠키들의 세계 역사 탐험 : 좀비 지하도시. 53, 비밀의 땅속 지하 세계",송도수 지음 ; 서정은 그림,서울문화사,아만980.24-송25ㅋ-53,27.0,
417.0,QC0000044735,"(설민석의) 한국사 대모험. 25, 정도전 편 - 이상하고 아름다운 도깨비 나라","설민석, 스토리박스 [공]글 ; 정현희 그림",단꿈아이,아만911-설38ㅎ-25,27.0,
418.0,QC0000044524,(읽으면서 바로 써먹는) 어린이 세계사 퀴즈. 1,한날 지음,파란정원,아082-맛68ㅍ-55,27.0,
419.0,QC0000044033,"(신비아파트) 한자 귀신. 7, 책들의 소용돌이",김강현 글 ; 김기수 그림,서울문화사,아만711.4-김12ㅎ-7-2,27.0,
420.0,QC0000044019,(코믹 메이플스토리) 수학도둑 : 응용편. 92,송도수 글 ; 서정 엔터테인먼트 그림,서울문화사,아만410-수92ㅅ-92,27.0,
421.0,QC0000044010,"(정재승의) 인간 탐구 보고서 : 어린이를 위한 뇌과학 프로젝트. 11, 인간을 울고 웃게 만드는 스트레스",정재은 글 ; 김현민 그림,아울북,아511.1813-정73ㅈ-11,27.0,
422.0,QC0000043150,"토깽이네 지구 구출 대작전. 5, 기후 위기에서 지구를 구하라!",토깽이네 원작 ; 잼스토리 글 ; 양선모 그림,위즈덤하우스,아539-토13ㅌ-5,27.0,
423.0,QC0000042313,(자연 생물 관찰 만화) 에그박사. 3,에그박사 원작 ; 박송이 글,아이세움,아만472-에17ㅇ-3-2,27.0,
424.0,QC0000042312,(자연 생물 관찰 만화) 에그박사. 2,에그박사 원작 ; 박송이 글,아이세움,아만 472-에17ㅇ-2=2,27.0,
425.0,QC0000042160,"라바 지구 수비대. 1, 기후 위기",김정욱 글 ; 김정한 그림,다산어린이,아539.9-라42ㄷ-1,27.0,
426.0,QC0000041972,"곤충 탐정 정브르. 1, 장수말벌 비비 실종 사건",정브르 원작 ; 한바리 글 ; 도니패밀리 그림,서울문화사,아495.2-정47가-1,27.0,
427.0,QC0000041836,"쿠키런 서바이벌 대작전 : 안전상식 학습만화. 11, 전기 편",김강현 글 ; 김기수 그림,서울문화사,아만372.42-김12ㅋ-11-2,27.0,
428.0,QC0000041816,"도그맨. 4, 도그맨과 캣키드",대브 필키 지음 ; 노은정 옮김,위즈덤하우스,아843-필878ㄷ2-4,27.0,
429.0,QC0000040876,"(설민석의) 한국사 대모험. 20, 고려의 발전 편- 서희와 거란의 한판 대결!","설민석, 스토리박스 [공]글 ; 정현희 그림",단꿈아이,아만911-설38ㅎ-20,27.0,
430.0,QC0000040840,"의사 어벤저스 : 어린이 의학 동화. 8, 심장병, 너의 마음을 보여 줘!",고희정 글 ; 조승연 그림,가나,아510.4-고97ㅇ-8,27.0,
431.0,QC0000040798,"(흔한남매) 과학 탐험대. 5, 물리 1","흔한남매 원작 ; 이현진, 닥터 스코 [공]글 ; 김덕영 그림",주니어김영사,아만 404-흔92ㄱ-5,27.0,
432.0,QC0000040503,"(무엇이든 해결단) 허팝 연구소. 2, 버니랜드 귀신 대소동",라곰씨 글 ; 김혜승 그림,라이카미,아404-라15ㅎ-2,27.0,
433.0,QC0000040490,"내일은 실험왕 : 본격 대결 과학실험 만화. 50, 빅뱅 우주론",스토리 a. 글 ; 홍종현 그림,아이세움,아만407-내68ㅇ-50,27.0,
434.0,QC0000040487,"내일은 실험왕 : 본격 대결 과학실험 만화. 39, 영양소와 소화",스토리 a. 글 ; 홍종현 그림,아이세움,아만407-내68ㅇ-39,27.0,
435.0,QC0000040486,"내일은 실험왕 : 본격 대결 과학실험 만화. 37, 용해와 용액",스토리 a. 글 ; 홍종현 그림,아이세움,아만407-내68ㅇ-37,27.0,
436.0,QC0000040424,기생충 세계에서 살아남기. 2,곰돌이 co. 글 ; 한현동 그림,아이세움,아만408-서42ㅇ-59,27.0,
437.0,QC0000040294,(코믹 메이플스토리) 수학도둑 : 응용편. 84,송도수 글 ; 서정 엔터테인먼트 그림,서울문화사,아만410-수92ㅅ-84,27.0,
438.0,QC0000040185,그리스 로마 신화:만화로 읽는 초등 인문학,박시연 글;최우빈 그림,아울북:북이십일,아만219-박58ㄱ-27,27.0,
439.0,QC0000040184,"그리스 로마 신화 : 만화로 읽는 초등 인문학. 26, 아킬레우스와 헥토르의 운명을 건 대결",박시연 글 ; 최우빈 그림,아울북,아만219-박58ㄱ-26,27.0,
440.0,QC0000040181,"그리스 로마 신화 : 만화로 읽는 초등 인문학. 9, 에우로페의 위대한 운명",박시연 글 ; 최우빈 그림,아울북,아만 219-박58ㄱ-9,27.0,
441.0,QC0000040178,"그리스 로마 신화 : 만화로 읽는 초등 인문학. 3, 새로운 신들의 탄생",박시연 글 ; 최우빈 그림,아울북,아만219-박58ㄱ-3,27.0,
442.0,QC0000040021,"고양이 해결사 깜냥 : 홍민정 동화. 2, 최고의 요리에 도전하라!",홍민정 지음 ; 김재희 그림,창비,아 813.8-홍38ㄱ-2=2,27.0,
443.0,QC0000039969,(흔한남매) 불꽃 튀는 우리말:초등 국어 고수 되기 프로젝트,흔한남매 원작;한은호 글;유희석 그림,다산어린이:다산북스,아만710-흔92ㅂ-3,27.0,
444.0,QC0000039894,"(기후 위기 해결사) 사이다 탐정. 1, 마카롱 시장님의 사건 의뢰",백명식 글·그림,와이즈만Books,아539.9-사68ㅇ-1,27.0,
445.0,QC0000039804,"(손오공의 한자 대탐험) 마법천자문. 52, 불러 모아라! 모을 모(募)",유대영 글 ; 홍거북 그림,아울북,아만711.47-마44ㅇ-52,27.0,
446.0,QC0000036133,"(손오공의 한자 대탐험) 마법천자문. 38, 지탱해라! 지탱할 지(支)",올댓스토리 글 ; 홍거북 그림,아울북,아만711.47-마44ㅇ2-38,27.0,
447.0,QC0000036128,"(손오공의 한자 대탐험) 마법천자문. 33, 향해라! 향할 향(向)",올댓스토리 글 ; 홍거북 그림,아울북,아만711.47-마44ㅇ2-33,27.0,
448.0,QC0000036124,"(손오공의 한자 대탐험) 마법천자문. 29, 힘을 더해라! 도울 조(助)",올댓스토리 글 ; 홍거북 그림,아울북,아만711.47-마44ㅇ2-29,27.0,
449.0,QC0000036091,"(신비아파트) 한자 귀신. 13, 타락한 신선",김강현 글 ; 김기수 그림,서울문화사,아만711.4-김12ㅎ-13,27.0,
450.0,QC0000036089,"(신비아파트) 한자 귀신. 11, 악귀의 노래",김강현 글 ; 김기수 그림,서울문화사,아만711.4-김12ㅎ-11,27.0,
451.0,QC0000036061,(코믹 메이플스토리) 수학도둑 : 종합편. 67,송도수 글 ; 서정 엔터테인먼트 그림,서울문화사,아만 410-수92ㅅ-67,27.0,
452.0,QC0000036059,(코믹 메이플스토리) 수학도둑 : 종합편. 65,송도수 글 ; 서정 엔터테인먼트 그림,서울문화사,아만410-수92ㅅ-65,27.0,
453.0,QC0000036047,(코믹 메이플스토리) 수학도둑 : 창의편. 53,송도수 글 ; 서정 엔터테인먼트 그림,서울문화사,아만410-수92ㅅ-53-2,27.0,
454.0,QC0000036025,(코믹 메이플스토리) 수학도둑 : 심화편. 31,송도수 글 ; 서정 엔터테인먼트 그림,서울문화사,아만410-수92ㅅ2-31,27.0,
455.0,QC0000035994,"쿠키런 서바이벌 대작전 : 안전상식 학습만화. 38, 수상한 만남 편",김강현 글 ; 김기수 그림,서울문화사,아만372.42-김12ㅋ-38,27.0,
456.0,QC0000035964,"쿠키런 서바이벌 대작전 : 안전상식 학습만화. 8, 용의 협곡 편",김강현 글 ; 김기수 그림,서울문화사,아만372.42-김12ㅋ-8-2,27.0,
457.0,QC0000035960,"쿠키런 서바이벌 대작전 : 안전상식 학습만화. 4, 산과 하늘 편",김강현 글 ; 김기수 그림,서울문화사,아만372.42-김12ㅋ-4-2,27.0,
458.0,QC0000035957,"쿠키런 서바이벌 대작전 : 안전상식 학습만화. 1, 정글 편",김강현 글 ; 김기수 그림,서울문화사,아만372.42-김12ㅋ-1-2,27.0,
459.0,QC0000035945,쿠키런 하이테크 과학 상식,임우영 글 ; 이태영 그림,서울문화사,아만404-쿠878ㅅ-24,27.0,
460.0,QC0000035922,쿠키런 개그 과학 상식,조주희 글 ; 이태영 그림,서울문화사,아만404-쿠878ㅅ-1-2,27.0,
461.0,QC0000035909,"쿠키런 어드벤처 : 쿠키들의 신나는 세계여행. 35, 상트페테르부르크 - 러시아",송도수 글 ; 서정은 그림,서울문화사,아만980.24-송25ㅋ-35-2,27.0,
462.0,QC0000035895,"쿠키런 어드벤처 : 쿠키들의 신나는 세계여행. 21, 서울 - 대한민국",송도수 글 ; 서정은 그림,서울문화사,아만980.24-송25ㅋ-21-2,27.0,
463.0,QC0000035875,"쿠키런 어드벤처 : 쿠키들의 신나는 세계여행. 1, 런던",송도수 글 ; 서정은 그림,서울문화사,아만980.24-송25ㅋ-1-2,27.0,
464.0,QC0000035868,"Go Go 카카오프렌즈 : 세계 역사 문화 체험 학습만화. 3, 일본",김미영 글 ; 김정한 그림,아울북,아만909-김38ㄱ-3-2,27.0,
465.0,QC0000035860,"Go Go 카카오프렌즈 : 세계 역사 문화 체험 학습만화. 15, 브라질",김미영 글 ; 김정한 그림,아울북,아만909-김38ㄱ-15-2,27.0,
466.0,QC0000035853,"놓지 마 과학!. 16, 으스스 숲 캠핑장의 검은 그림자","신태훈, 나승훈 [공]글·그림",위즈덤하우스,아만400-신883ㄴ-16,27.0,
467.0,QC0000035849,"놓지 마 과학!. 12, 정신이 코딩에 정신 놓다 2","신태훈, 나승훈 [공]글·그림",위즈덤하우스,아만400-신883ㄴ-12-2,27.0,
468.0,QC0000035847,"놓지 마 과학!. 10, 정신이 동물에 정신 놓다","신태훈, 나승훈 [공]글·그림",위즈덤하우스,아만400-신883ㄴ2-10,27.0,
469.0,QC0000035844,"놓지 마 과학!. 7, 정신이 모험에 정신 놓다","신태훈, 나승훈 [공]글·그림",위즈덤하우스,아만 400-신883ㄴ2-7,27.0,
470.0,QC0000035839,"놓지 마 과학!. 2, 정신이 탁구에 정신 놓다","신태훈, 나승훈 [공]글·그림",위즈덤하우스,아만 400-신883ㄴ2-2,27.0,
471.0,QC0000035633,"(흔한남매) 과학 탐험대. 1, 우주","흔한남매 원작 ; 이재국, 이현진 [공] 글 ; 김덕영 그림",주니어김영사,아만 404-흔92ㄱ-1,27.0,
472.0,QC0000033908,"브레드 이발소. 3, 베이커리타운의 악동들",몬스터 스튜디오 원작·글·그림,한솔수북,아813.8-몬57ㅂ-3,27.0,
473.0,QC0000033880,"고양이 해결사 깜냥 : 홍민정 동화. 3, 태권도의 고수가 되어라!",홍민정 지음 ; 김재희 그림,창비,아813.8-홍38ㄱ-3,27.0,
474.0,QC0000033233,"Go Go 카카오프렌즈 : 세계 역사 문화 체험 학습만화. 19, 한국 2",김미영 글 ; 김정한 그림,아울북,아만909-김38ㄱ-19,27.0,
475.0,QC0000033148,(흔한남매) 불꽃 튀는 우리말:초등 국어 고수 되기 프로젝트,흔한남매 원작;한은호 글;유희석 그림,다산어린이,아만710-흔92ㅂ-1,27.0,
476.0,QC0000031934,"그리스 로마 신화 : 만화로 읽는 초등 인문학. 19, 스핑크스를 물리친 오이디푸스의 지혜",박시연 글 ; 최우빈 그림,아울북,아만219-박58ㄱ-19,27.0,
477.0,QC0000029703,(흔한 남매) 안 흔한 일기. 1,흔한남매 원작 ; 강효미 글 ; 조병주 그림,MiraeN아이세움,아만657.1-흔92아-1,27.0,
478.0,QC0000029433,구해줘 카카오프렌즈 과학. 2,"박영희 [외]글, 도니패밀리 그림",메가스터디,아만400-구93ㅁ-2,27.0,
479.0,QC0000029315,"그리스 로마 신화 : 만화로 읽는 초등 인문학. 16, 페르세우스, 영웅 신화의 시작",박시연 글 ; 최우빈 그림,아울북,아만219-박58ㄱ-16,27.0,
480.0,QC0000028271,아쿠아리움에서 살아남기. 2,곰돌이 co. 글 ; 한현동 그림,아이세움,아만408-서42ㅇ-66,27.0,
481.0,QC0000028055,흔한남매. 1,흔한남매 원작 ; 백난도 글 ; 유난희 그림,아이세움,아만657.1-흔92ㅎ-1,27.0,
482.0,QC0000027936,"레이튼 미스터리 탐정사무소 : 카트리에일의 수수께끼 파일. 4, 도플갱어의 등장",안치현 글 ; 팀키즈 그림,아이세움,아813.8-레68ㅁ-4,27.0,
483.0,QC0000026767,"내일은 실험왕 : 본격 대결 과학실험 만화. 47, 감염병과 전염병",스토리 a. 글 ; 홍종현 그림,아이세움,아만407-내68ㅇ-47,27.0,
484.0,QC0000026463,"추리 천재 엉덩이 탐정. 4, 괴도 vs 탐정 대결 사건",트롤 글·그림 ; 김정화 옮김,아이세움,아833.8-트295ㅊ-4-2,27.0,
485.0,QC0000025429,"쿠키런 세계사 = Cookie run. 2, 세계 4대 문명",동림스토리 글 ; 도니패밀리 그림,서울문화사,아만909-동298ㅋ-2,27.0,
486.0,QC0000023307,내 멋대로 나 뽑기,최은옥 글 ; 김무연 그림,주니어김영사,아813.8-내34ㅈ-3,27.0,
487.0,QC0000019614,(코믹 메이플스토리) 신들의 계보. 3,송도수 글 ; 서정은 그림,서울문화사,아만657.1-송25ㅅ-3,27.0,
488.0,QC0000019404,인공지능 세계에서 살아남기. 2,곰돌이co. 글 ; 한현동 그림,미래엔,아만408-서42ㅇ-57,27.0,
489.0,QC0000017370,"(설민석의) 한국사 대모험. 4, 선사 시대 편 - 본격 부마 결정전, 온달 대 공갈","설민석, 스토리박스 [공]글 ; 정현희 그림",아이휴먼,아만911-설38ㅎ-4,27.0,
490.0,QC0000010870,빙하에서 살아남기,최덕희 글 ; 강경효 그림,아이세움(미래엔),아만408-서42ㅇ-4,27.0,
491.0,QC0000010337,무인도에서 살아남기,최덕희 글 ; 강경효 그림,아이세움(미래엔),아만408-서42ㅇ-1,27.0,
492.0,QC0000009884,로봇 세계에서 살아남기 = Survival robot world. 3,김정욱 글 ; 한현동 그림,아이세움(미래엔),아만408-서42ㅇ-35,27.0,
493.0,QC0000007741,"추리 천재 엉덩이 탐정. 1, 보라 부인의 암호 사건",트롤 글·그림 ; 김정화 옮김,아이세움,아833.8-트295ㅊ-1,27.0,
494.0,QA0000107776,"반장으로서의 책임과 의무. 2, 선생님은 떠든 사람 이름을 묻지 않았다",수신지 글·그림,귤프레스,657.1-수58ㅂ-2,27.0,
495.0,QA0000106208,맡겨진 소녀 : 클레어 키건 소설,클레어 키건 지음 ; 허진 옮김,다산책방,892.42-키14ㅁ=2,27.0,
496.0,QA0000044426,소년이 온다 : 한강 장편소설 : 큰글자도서. 2,한강 지음,창비,큰 813.7-한12ㅅ-2,26.0,
497.0,QA0000115292,당신이 누군가를 죽였다,히가시노 게이고 지음 ; 최고은 옮김,북다,833.6-히12도,26.0,
498.0,QA0000111336,소년이 온다 : 한강 장편소설,한강 지음,창비,813.7-한12ㅅ-3,26.0,
499.0,QA0000099598,뽀짜툰. 5,채유리 글·그림,북폴리오,657.3-채66ㅃ-5,26.0,
500.0,QA0000075772,"칵테일, 러브, 좀비",조예은 지음,안전가옥,813.7-조64ㅋ,26.0,
